expression,result
4 + 5,9
4 * 5,20
4^2,16
4 + 6,10
4 * 6,24
4^2,16
2 + 4,6
2 * 4,8
2^2,4
0 + 6,6
0 * 6,0
0 / 6,0
0^2,0
4 + 9,13
4 * 9,36
4^2,16
0 + 8,8
0 * 8,0
0 / 8,0
0^2,0
3 + 10,13
3 * 10,30
3^2,9
0 + 10,10
0 * 10,0
0 / 10,0
0^2,0
4 + 11,15
4 * 11,44
4^2,16
9 + 2,11
9 - 2,7
9 * 2,18
9^2,81
6 + 5,11
6 - 5,1
6 * 5,30
6^2,36
6 + 4,10
6 - 4,2
6 * 4,24
6^2,36
8 + 7,15
8 - 7,1
8 * 7,56
8^2,64
6 + 9,15
6 * 9,54
6^2,36
8 + 10,18
8 * 10,80
8^2,64
6 + 11,17
6 * 11,66
6^2,36
9 + 10,19
9 * 10,90
9^2,81
6 + 12,18
6 * 12,72
6^2,36
13 + 12,25
13 - 12,1
13 * 12,156
13^2,169
14 + 12,26
14 - 12,2
14 * 12,168
14^2,196
12 + 15,27
12 * 15,180
12^2,144
13 + 17,30
13 * 17,221
13^2,169
14 + 18,32
14 * 18,252
14^2,196
14 + 16,30
14 * 16,224
14^2,196
12 + 18,30
12 * 18,216
12^2,144
12 + 17,29
12 * 17,204
12^2,144
12 + 18,30
12 * 18,216
12^2,144
12 + 20,32
12 * 20,240
12^2,144
14 + 21,35
14 * 21,294
14^2,196
13 + 24,37
13 * 24,312
13^2,169
12 + 26,38
12 * 26,312
12^2,144
14 + 25,39
14 * 25,350
14^2,196
14 + 24,38
14 * 24,336
14^2,196
13 + 26,39
13 * 26,338
13^2,169
12 + 29,41
12 * 29,348
12^2,144
11 + 30,41
11 * 30,330
11^2,121
11 + 30,41
11 * 30,330
11^2,121
10 + 33,43
10 * 33,330
10^2,100
12 + 31,43
12 * 31,372
12^2,144
13 + 35,48
13 * 35,455
13^2,169
11 + 34,45
11 * 34,374
11^2,121
10 + 33,43
10 * 33,330
10^2,100
12 + 37,49
12 * 37,444
12^2,144
12 + 39,51
12 * 39,468
12^2,144
14 + 40,54
14 * 40,560
14^2,196
14 + 40,54
14 * 40,560
14^2,196
12 + 40,52
12 * 40,480
12^2,144
10 + 39,49
10 * 39,390
10^2,100
12 + 43,55
12 * 43,516
12^2,144
14 + 44,58
14 * 44,616
14^2,196
11 + 43,54
11 * 43,473
11^2,121
13 + 46,59
13 * 46,598
13^2,169
13 + 45,58
13 * 45,585
13^2,169
12 + 49,61
12 * 49,588
12^2,144
13 + 50,63
13 * 50,650
13^2,169
12 + 47,59
12 * 47,564
12^2,144
13 + 51,64
13 * 51,663
13^2,169
14 + 51,65
14 * 51,714
14^2,196
13 + 51,64
13 * 51,663
13^2,169
11 + 51,62
11 * 51,561
11^2,121
11 + 52,63
11 * 52,572
11^2,121
12 + 54,66
12 * 54,648
12^2,144
10 + 57,67
10 * 57,570
10^2,100
14 + 58,72
14 * 58,812
14^2,196
12 + 58,70
12 * 58,696
12^2,144
11 + 61,72
11 * 61,671
11^2,121
12 + 61,73
12 * 61,732
12^2,144
14 + 62,76
14 * 62,868
14^2,196
13 + 62,75
13 * 62,806
13^2,169
12 + 65,77
12 * 65,780
12^2,144
12 + 62,74
12 * 62,744
12^2,144
12 + 64,76
12 * 64,768
12^2,144
11 + 64,75
11 * 64,704
11^2,121
12 + 67,79
12 * 67,804
12^2,144
12 + 70,82
12 * 70,840
12^2,144
14 + 67,81
14 * 67,938
14^2,196
13 + 70,83
13 * 70,910
13^2,169
14 + 69,83
14 * 69,966
14^2,196
10 + 72,82
10 * 72,720
10^2,100
11 + 75,86
11 * 75,825
11^2,121
12 + 76,88
12 * 76,912
12^2,144
10 + 74,84
10 * 74,740
10^2,100
11 + 75,86
11 * 75,825
11^2,121
12 + 75,87
12 * 75,900
12^2,144
11 + 77,88
11 * 77,847
11^2,121
12 + 81,93
12 * 81,972
12^2,144
10 + 80,90
10 * 80,800
10^2,100
13 + 80,93
13 * 80,1040
13^2,169
12 + 84,96
12 * 84,1008
12^2,144
12 + 83,95
12 * 83,996
12^2,144
11 + 83,94
11 * 83,913
11^2,121
13 + 86,99
13 * 86,1118
13^2,169
12 + 85,97
12 * 85,1020
12^2,144
14 + 89,103
14 * 89,1246
14^2,196
11 + 87,98
11 * 87,957
11^2,121
14 + 91,105
14 * 91,1274
14^2,196
14 + 90,104
14 * 90,1260
14^2,196
14 + 89,103
14 * 89,1246
14^2,196
14 + 94,108
14 * 94,1316
14^2,196
13 + 94,107
13 * 94,1222
13^2,169
12 + 95,107
12 * 95,1140
12^2,144
11 + 93,104
11 * 93,1023
11^2,121
10 + 95,105
10 * 95,950
10^2,100
13 + 96,109
13 * 96,1248
13^2,169
10 + 97,107
10 * 97,970
10^2,100
10 + 100,110
10 * 100,1000
10^2,100
14 + 100,114
14 * 100,1400
14^2,196
11 + 99,110
11 * 99,1089
11^2,121
17 + 12,29
17 - 12,5
17 * 12,204
17^2,289
19 + 11,30
19 - 11,8
19 * 11,209
19^2,361
17 + 13,30
17 - 13,4
17 * 13,221
17^2,289
17 + 13,30
17 - 13,4
17 * 13,221
17^2,289
15 + 15,30
15 - 15,0
15 * 15,225
15 / 15,1
15^2,225
16 + 18,34
16 * 18,288
16^2,256
18 + 17,35
18 - 17,1
18 * 17,306
18^2,324
16 + 21,37
16 * 21,336
16^2,256
17 + 20,37
17 * 20,340
17^2,289
19 + 22,41
19 * 22,418
19^2,361
15 + 22,37
15 * 22,330
15^2,225
18 + 24,42
18 * 24,432
18^2,324
15 + 26,41
15 * 26,390
15^2,225
17 + 23,40
17 * 23,391
17^2,289
15 + 24,39
15 * 24,360
15^2,225
17 + 26,43
17 * 26,442
17^2,289
18 + 28,46
18 * 28,504
18^2,324
16 + 29,45
16 * 29,464
16^2,256
15 + 28,43
15 * 28,420
15^2,225
19 + 33,52
19 * 33,627
19^2,361
18 + 31,49
18 * 31,558
18^2,324
19 + 32,51
19 * 32,608
19^2,361
15 + 34,49
15 * 34,510
15^2,225
19 + 33,52
19 * 33,627
19^2,361
16 + 37,53
16 * 37,592
16^2,256
18 + 39,57
18 * 39,702
18^2,324
18 + 39,57
18 * 39,702
18^2,324
16 + 40,56
16 * 40,640
16^2,256
18 + 41,59
18 * 41,738
18^2,324
17 + 43,60
17 * 43,731
17^2,289
16 + 43,59
16 * 43,688
16^2,256
18 + 45,63
18 * 45,810
18^2,324
15 + 45,60
15 * 45,675
15^2,225
16 + 47,63
16 * 47,752
16^2,256
16 + 48,64
16 * 48,768
16^2,256
15 + 47,62
15 * 47,705
15^2,225
18 + 47,65
18 * 47,846
18^2,324
17 + 50,67
17 * 50,850
17^2,289
18 + 51,69
18 * 51,918
18^2,324
17 + 51,68
17 * 51,867
17^2,289
17 + 51,68
17 * 51,867
17^2,289
18 + 54,72
18 * 54,972
18^2,324
17 + 52,69
17 * 52,884
17^2,289
18 + 54,72
18 * 54,972
18^2,324
16 + 55,71
16 * 55,880
16^2,256
15 + 56,71
15 * 56,840
15^2,225
18 + 58,76
18 * 58,1044
18^2,324
15 + 59,74
15 * 59,885
15^2,225
15 + 58,73
15 * 58,870
15^2,225
15 + 62,77
15 * 62,930
15^2,225
19 + 63,82
19 * 63,1197
19^2,361
19 + 65,84
19 * 65,1235
19^2,361
16 + 65,81
16 * 65,1040
16^2,256
19 + 64,83
19 * 64,1216
19^2,361
19 + 64,83
19 * 64,1216
19^2,361
15 + 69,84
15 * 69,1035
15^2,225
19 + 69,88
19 * 69,1311
19^2,361
19 + 68,87
19 * 68,1292
19^2,361
18 + 71,89
18 * 71,1278
18^2,324
18 + 72,90
18 * 72,1296
18^2,324
17 + 74,91
17 * 74,1258
17^2,289
16 + 74,90
16 * 74,1184
16^2,256
19 + 73,92
19 * 73,1387
19^2,361
15 + 76,91
15 * 76,1140
15^2,225
18 + 74,92
18 * 74,1332
18^2,324
17 + 77,94
17 * 77,1309
17^2,289
17 + 79,96
17 * 79,1343
17^2,289
17 + 81,98
17 * 81,1377
17^2,289
17 + 80,97
17 * 80,1360
17^2,289
17 + 82,99
17 * 82,1394
17^2,289
16 + 81,97
16 * 81,1296
16^2,256
15 + 81,96
15 * 81,1215
15^2,225
17 + 84,101
17 * 84,1428
17^2,289
15 + 83,98
15 * 83,1245
15^2,225
15 + 85,100
15 * 85,1275
15^2,225
15 + 86,101
15 * 86,1290
15^2,225
16 + 87,103
16 * 87,1392
16^2,256
16 + 89,105
16 * 89,1424
16^2,256
15 + 90,105
15 * 90,1350
15^2,225
18 + 93,111
18 * 93,1674
18^2,324
17 + 90,107
17 * 90,1530
17^2,289
15 + 92,107
15 * 92,1380
15^2,225
15 + 92,107
15 * 92,1380
15^2,225
16 + 94,110
16 * 94,1504
16^2,256
19 + 94,113
19 * 94,1786
19^2,361
19 + 97,116
19 * 97,1843
19^2,361
19 + 96,115
19 * 96,1824
19^2,361
17 + 98,115
17 * 98,1666
17^2,289
19 + 99,118
19 * 99,1881
19^2,361
15 + 102,117
15 * 102,1530
15^2,225
22 + 10,32
22 - 10,12
22 * 10,220
22^2,484
23 + 13,36
23 - 13,10
23 * 13,299
23^2,529
23 + 14,37
23 - 14,9
23 * 14,322
23^2,529
23 + 15,38
23 - 15,8
23 * 15,345
23^2,529
23 + 17,40
23 - 17,6
23 * 17,391
23^2,529
22 + 18,40
22 - 18,4
22 * 18,396
22^2,484
21 + 17,38
21 - 17,4
21 * 17,357
21^2,441
21 + 18,39
21 - 18,3
21 * 18,378
21^2,441
23 + 22,45
23 - 22,1
23 * 22,506
23^2,529
24 + 23,47
24 - 23,1
24 * 23,552
24^2,576
24 + 22,46
24 - 22,2
24 * 22,528
24^2,576
22 + 21,43
22 - 21,1
22 * 21,462
22^2,484
22 + 23,45
22 * 23,506
22^2,484
22 + 24,46
22 * 24,528
22^2,484
22 + 24,46
22 * 24,528
22^2,484
22 + 25,47
22 * 25,550
22^2,484
20 + 26,46
20 * 26,520
20^2,400
22 + 28,50
22 * 28,616
22^2,484
20 + 30,50
20 * 30,600
20^2,400
22 + 31,53
22 * 31,682
22^2,484
20 + 32,52
20 * 32,640
20^2,400
20 + 31,51
20 * 31,620
20^2,400
24 + 33,57
24 * 33,792
24^2,576
23 + 35,58
23 * 35,805
23^2,529
20 + 35,55
20 * 35,700
20^2,400
24 + 37,61
24 * 37,888
24^2,576
20 + 40,60
20 * 40,800
20^2,400
23 + 41,64
23 * 41,943
23^2,529
20 + 39,59
20 * 39,780
20^2,400
22 + 42,64
22 * 42,924
22^2,484
22 + 42,64
22 * 42,924
22^2,484
21 + 43,64
21 * 43,903
21^2,441
23 + 43,66
23 * 43,989
23^2,529
24 + 44,68
24 * 44,1056
24^2,576
21 + 48,69
21 * 48,1008
21^2,441
24 + 45,69
24 * 45,1080
24^2,576
23 + 46,69
23 * 46,1058
23^2,529
20 + 48,68
20 * 48,960
20^2,400
24 + 48,72
24 * 48,1152
24^2,576
24 + 50,74
24 * 50,1200
24^2,576
24 + 53,77
24 * 53,1272
24^2,576
20 + 55,75
20 * 55,1100
20^2,400
21 + 54,75
21 * 54,1134
21^2,441
21 + 55,76
21 * 55,1155
21^2,441
24 + 54,78
24 * 54,1296
24^2,576
24 + 59,83
24 * 59,1416
24^2,576
22 + 56,78
22 * 56,1232
22^2,484
20 + 59,79
20 * 59,1180
20^2,400
24 + 61,85
24 * 61,1464
24^2,576
22 + 62,84
22 * 62,1364
22^2,484
23 + 64,87
23 * 64,1472
23^2,529
21 + 65,86
21 * 65,1365
21^2,441
23 + 66,89
23 * 66,1518
23^2,529
22 + 63,85
22 * 63,1386
22^2,484
23 + 68,91
23 * 68,1564
23^2,529
23 + 68,91
23 * 68,1564
23^2,529
22 + 70,92
22 * 70,1540
22^2,484
21 + 71,92
21 * 71,1491
21^2,441
22 + 70,92
22 * 70,1540
22^2,484
20 + 71,91
20 * 71,1420
20^2,400
24 + 71,95
24 * 71,1704
24^2,576
24 + 71,95
24 * 71,1704
24^2,576
20 + 74,94
20 * 74,1480
20^2,400
21 + 75,96
21 * 75,1575
21^2,441
23 + 76,99
23 * 76,1748
23^2,529
20 + 79,99
20 * 79,1580
20^2,400
20 + 78,98
20 * 78,1560
20^2,400
21 + 80,101
21 * 80,1680
21^2,441
21 + 80,101
21 * 80,1680
21^2,441
22 + 83,105
22 * 83,1826
22^2,484
23 + 82,105
23 * 82,1886
23^2,529
24 + 83,107
24 * 83,1992
24^2,576
22 + 86,108
22 * 86,1892
22^2,484
23 + 85,108
23 * 85,1955
23^2,529
22 + 84,106
22 * 84,1848
22^2,484
21 + 89,110
21 * 89,1869
21^2,441
23 + 88,111
23 * 88,2024
23^2,529
22 + 90,112
22 * 90,1980
22^2,484
20 + 91,111
20 * 91,1820
20^2,400
22 + 90,112
22 * 90,1980
22^2,484
24 + 90,114
24 * 90,2160
24^2,576
21 + 94,115
21 * 94,1974
21^2,441
21 + 96,117
21 * 96,2016
21^2,441
23 + 93,116
23 * 93,2139
23^2,529
20 + 96,116
20 * 96,1920
20^2,400
20 + 97,117
20 * 97,1940
20^2,400
22 + 100,122
22 * 100,2200
22^2,484
24 + 100,124
24 * 100,2400
24^2,576
20 + 102,122
20 * 102,2040
20^2,400
22 + 100,122
22 * 100,2200
22^2,484
25 + 14,39
25 - 14,11
25 * 14,350
25^2,625
26 + 11,37
26 - 11,15
26 * 11,286
26^2,676
26 + 13,39
26 - 13,13
26 * 13,338
26 / 13,2
26^2,676
25 + 13,38
25 - 13,12
25 * 13,325
25^2,625
29 + 17,46
29 - 17,12
29 * 17,493
29^2,841
25 + 17,42
25 - 17,8
25 * 17,425
25^2,625
27 + 20,47
27 - 20,7
27 * 20,540
27^2,729
29 + 17,46
29 - 17,12
29 * 17,493
29^2,841
26 + 20,46
26 - 20,6
26 * 20,520
26^2,676
25 + 22,47
25 - 22,3
25 * 22,550
25^2,625
25 + 24,49
25 - 24,1
25 * 24,600
25^2,625
25 + 21,46
25 - 21,4
25 * 21,525
25^2,625
25 + 23,48
25 - 23,2
25 * 23,575
25^2,625
28 + 26,54
28 - 26,2
28 * 26,728
28^2,784
25 + 25,50
25 - 25,0
25 * 25,625
25 / 25,1
25^2,625
26 + 27,53
26 * 27,702
26^2,676
29 + 30,59
29 * 30,870
29^2,841
29 + 27,56
29 - 27,2
29 * 27,783
29^2,841
29 + 31,60
29 * 31,899
29^2,841
29 + 32,61
29 * 32,928
29^2,841
28 + 32,60
28 * 32,896
28^2,784
27 + 31,58
27 * 31,837
27^2,729
27 + 33,60
27 * 33,891
27^2,729
25 + 35,60
25 * 35,875
25^2,625
25 + 38,63
25 * 38,950
25^2,625
29 + 35,64
29 * 35,1015
29^2,841
28 + 38,66
28 * 38,1064
28^2,784
29 + 37,66
29 * 37,1073
29^2,841
27 + 38,65
27 * 38,1026
27^2,729
28 + 41,69
28 * 41,1148
28^2,784
29 + 44,73
29 * 44,1276
29^2,841
25 + 44,69
25 * 44,1100
25^2,625
28 + 44,72
28 * 44,1232
28^2,784
26 + 43,69
26 * 43,1118
26^2,676
27 + 45,72
27 * 45,1215
27^2,729
29 + 49,78
29 * 49,1421
29^2,841
28 + 48,76
28 * 48,1344
28^2,784
26 + 49,75
26 * 49,1274
26^2,676
29 + 51,80
29 * 51,1479
29^2,841
28 + 51,79
28 * 51,1428
28^2,784
28 + 50,78
28 * 50,1400
28^2,784
27 + 54,81
27 * 54,1458
27^2,729
28 + 55,83
28 * 55,1540
28^2,784
25 + 54,79
25 * 54,1350
25^2,625
28 + 57,85
28 * 57,1596
28^2,784
27 + 56,83
27 * 56,1512
27^2,729
25 + 60,85
25 * 60,1500
25^2,625
29 + 61,90
29 * 61,1769
29^2,841
26 + 62,88
26 * 62,1612
26^2,676
29 + 59,88
29 * 59,1711
29^2,841
29 + 61,90
29 * 61,1769
29^2,841
26 + 62,88
26 * 62,1612
26^2,676
26 + 62,88
26 * 62,1612
26^2,676
25 + 64,89
25 * 64,1600
25^2,625
28 + 66,94
28 * 66,1848
28^2,784
28 + 66,94
28 * 66,1848
28^2,784
26 + 68,94
26 * 68,1768
26^2,676
26 + 69,95
26 * 69,1794
26^2,676
25 + 70,95
25 * 70,1750
25^2,625
25 + 73,98
25 * 73,1825
25^2,625
25 + 71,96
25 * 71,1775
25^2,625
27 + 74,101
27 * 74,1998
27^2,729
26 + 73,99
26 * 73,1898
26^2,676
26 + 76,102
26 * 76,1976
26^2,676
25 + 76,101
25 * 76,1900
25^2,625
28 + 79,107
28 * 79,2212
28^2,784
27 + 79,106
27 * 79,2133
27^2,729
26 + 78,104
26 * 78,2028
26^2,676
29 + 79,108
29 * 79,2291
29^2,841
26 + 80,106
26 * 80,2080
26^2,676
26 + 84,110
26 * 84,2184
26^2,676
27 + 81,108
27 * 81,2187
27^2,729
25 + 82,107
25 * 82,2050
25^2,625
25 + 85,110
25 * 85,2125
25^2,625
26 + 84,110
26 * 84,2184
26^2,676
26 + 89,115
26 * 89,2314
26^2,676
27 + 86,113
27 * 86,2322
27^2,729
29 + 89,118
29 * 89,2581
29^2,841
25 + 89,114
25 * 89,2225
25^2,625
29 + 89,118
29 * 89,2581
29^2,841
27 + 94,121
27 * 94,2538
27^2,729
26 + 94,120
26 * 94,2444
26^2,676
25 + 92,117
25 * 92,2300
25^2,625
28 + 93,121
28 * 93,2604
28^2,784
27 + 98,125
27 * 98,2646
27^2,729
28 + 95,123
28 * 95,2660
28^2,784
26 + 97,123
26 * 97,2522
26^2,676
26 + 99,125
26 * 99,2574
26^2,676
29 + 102,131
29 * 102,2958
29^2,841
27 + 103,130
27 * 103,2781
27^2,729
30 + 13,43
30 - 13,17
30 * 13,390
30^2,900
32 + 11,43
32 - 11,21
32 * 11,352
32^2,1024
34 + 16,50
34 - 16,18
34 * 16,544
34^2,1156
32 + 15,47
32 - 15,17
32 * 15,480
32^2,1024
33 + 14,47
33 - 14,19
33 * 14,462
33^2,1089
32 + 17,49
32 - 17,15
32 * 17,544
32^2,1024
33 + 20,53
33 - 20,13
33 * 20,660
33^2,1089
31 + 21,52
31 - 21,10
31 * 21,651
31^2,961
33 + 20,53
33 - 20,13
33 * 20,660
33^2,1089
30 + 20,50
30 - 20,10
30 * 20,600
30^2,900
31 + 23,54
31 - 23,8
31 * 23,713
31^2,961
31 + 24,55
31 - 24,7
31 * 24,744
31^2,961
34 + 26,60
34 - 26,8
34 * 26,884
34^2,1156
31 + 24,55
31 - 24,7
31 * 24,744
31^2,961
30 + 27,57
30 - 27,3
30 * 27,810
30^2,900
32 + 25,57
32 - 25,7
32 * 25,800
32^2,1024
34 + 26,60
34 - 26,8
34 * 26,884
34^2,1156
31 + 31,62
31 - 31,0
31 * 31,961
31 / 31,1
31^2,961
31 + 30,61
31 - 30,1
31 * 30,930
31^2,961
31 + 33,64
31 * 33,1023
31^2,961
30 + 32,62
30 * 32,960
30^2,900
30 + 33,63
30 * 33,990
30^2,900
34 + 36,70
34 * 36,1224
34^2,1156
34 + 34,68
34 - 34,0
34 * 34,1156
34 / 34,1
34^2,1156
33 + 35,68
33 * 35,1155
33^2,1089
31 + 37,68
31 * 37,1147
31^2,961
30 + 37,67
30 * 37,1110
30^2,900
34 + 38,72
34 * 38,1292
34^2,1156
30 + 39,69
30 * 39,1170
30^2,900
31 + 42,73
31 * 42,1302
31^2,961
30 + 40,70
30 * 40,1200
30^2,900
30 + 44,74
30 * 44,1320
30^2,900
31 + 44,75
31 * 44,1364
31^2,961
34 + 45,79
34 * 45,1530
34^2,1156
32 + 47,79
32 * 47,1504
32^2,1024
34 + 46,80
34 * 46,1564
34^2,1156
32 + 47,79
32 * 47,1504
32^2,1024
32 + 48,80
32 * 48,1536
32^2,1024
31 + 51,82
31 * 51,1581
31^2,961
30 + 52,82
30 * 52,1560
30^2,900
33 + 51,84
33 * 51,1683
33^2,1089
34 + 55,89
34 * 55,1870
34^2,1156
30 + 56,86
30 * 56,1680
30^2,900
33 + 53,86
33 * 53,1749
33^2,1089
34 + 55,89
34 * 55,1870
34^2,1156
33 + 57,90
33 * 57,1881
33^2,1089
31 + 58,89
31 * 58,1798
31^2,961
33 + 61,94
33 * 61,2013
33^2,1089
30 + 58,88
30 * 58,1740
30^2,900
33 + 61,94
33 * 61,2013
33^2,1089
33 + 64,97
33 * 64,2112
33^2,1089
34 + 61,95
34 * 61,2074
34^2,1156
30 + 65,95
30 * 65,1950
30^2,900
30 + 65,95
30 * 65,1950
30^2,900
33 + 64,97
33 * 64,2112
33^2,1089
33 + 68,101
33 * 68,2244
33^2,1089
34 + 70,104
34 * 70,2380
34^2,1156
30 + 71,101
30 * 71,2130
30^2,900
34 + 68,102
34 * 68,2312
34^2,1156
34 + 70,104
34 * 70,2380
34^2,1156
30 + 72,102
30 * 72,2160
30^2,900
33 + 71,104
33 * 71,2343
33^2,1089
34 + 74,108
34 * 74,2516
34^2,1156
31 + 77,108
31 * 77,2387
31^2,961
34 + 78,112
34 * 78,2652
34^2,1156
34 + 76,110
34 * 76,2584
34^2,1156
32 + 76,108
32 * 76,2432
32^2,1024
33 + 81,114
33 * 81,2673
33^2,1089
33 + 78,111
33 * 78,2574
33^2,1089
33 + 79,112
33 * 79,2607
33^2,1089
34 + 83,117
34 * 83,2822
34^2,1156
34 + 82,116
34 * 82,2788
34^2,1156
34 + 82,116
34 * 82,2788
34^2,1156
32 + 85,117
32 * 85,2720
32^2,1024
33 + 84,117
33 * 84,2772
33^2,1089
30 + 87,117
30 * 87,2610
30^2,900
30 + 90,120
30 * 90,2700
30^2,900
32 + 89,121
32 * 89,2848
32^2,1024
31 + 91,122
31 * 91,2821
31^2,961
30 + 93,123
30 * 93,2790
30^2,900
34 + 92,126
34 * 92,3128
34^2,1156
32 + 91,123
32 * 91,2912
32^2,1024
30 + 96,126
30 * 96,2880
30^2,900
30 + 93,123
30 * 93,2790
30^2,900
30 + 95,125
30 * 95,2850
30^2,900
33 + 99,132
33 * 99,3267
33^2,1089
30 + 98,128
30 * 98,2940
30^2,900
33 + 98,131
33 * 98,3234
33^2,1089
31 + 99,130
31 * 99,3069
31^2,961
34 + 101,135
34 * 101,3434
34^2,1156
35 + 12,47
35 - 12,23
35 * 12,420
35^2,1225
38 + 12,50
38 - 12,26
38 * 12,456
38^2,1444
37 + 15,52
37 - 15,22
37 * 15,555
37^2,1369
39 + 14,53
39 - 14,25
39 * 14,546
39^2,1521
39 + 15,54
39 - 15,24
39 * 15,585
39^2,1521
35 + 18,53
35 - 18,17
35 * 18,630
35^2,1225
35 + 19,54
35 - 19,16
35 * 19,665
35^2,1225
39 + 18,57
39 - 18,21
39 * 18,702
39^2,1521
36 + 22,58
36 - 22,14
36 * 22,792
36^2,1296
38 + 21,59
38 - 21,17
38 * 21,798
38^2,1444
39 + 20,59
39 - 20,19
39 * 20,780
39^2,1521
35 + 25,60
35 - 25,10
35 * 25,875
35^2,1225
36 + 23,59
36 - 23,13
36 * 23,828
36^2,1296
37 + 23,60
37 - 23,14
37 * 23,851
37^2,1369
35 + 26,61
35 - 26,9
35 * 26,910
35^2,1225
37 + 29,66
37 - 29,8
37 * 29,1073
37^2,1369
35 + 28,63
35 - 28,7
35 * 28,980
35^2,1225
35 + 27,62
35 - 27,8
35 * 27,945
35^2,1225
38 + 28,66
38 - 28,10
38 * 28,1064
38^2,1444
38 + 32,70
38 - 32,6
38 * 32,1216
38^2,1444
39 + 30,69
39 - 30,9
39 * 30,1170
39^2,1521
36 + 31,67
36 - 31,5
36 * 31,1116
36^2,1296
39 + 36,75
39 - 36,3
39 * 36,1404
39^2,1521
36 + 36,72
36 - 36,0
36 * 36,1296
36 / 36,1
36^2,1296
36 + 37,73
36 * 37,1332
36^2,1296
39 + 39,78
39 - 39,0
39 * 39,1521
39 / 39,1
39^2,1521
39 + 40,79
39 * 40,1560
39^2,1521
38 + 38,76
38 - 38,0
38 * 38,1444
38 / 38,1
38^2,1444
36 + 41,77
36 * 41,1476
36^2,1296
38 + 39,77
38 * 39,1482
38^2,1444
36 + 44,80
36 * 44,1584
36^2,1296
35 + 42,77
35 * 42,1470
35^2,1225
35 + 46,81
35 * 46,1610
35^2,1225
37 + 45,82
37 * 45,1665
37^2,1369
35 + 44,79
35 * 44,1540
35^2,1225
36 + 47,83
36 * 47,1692
36^2,1296
37 + 47,84
37 * 47,1739
37^2,1369
35 + 48,83
35 * 48,1680
35^2,1225
35 + 52,87
35 * 52,1820
35^2,1225
37 + 51,88
37 * 51,1887
37^2,1369
37 + 50,87
37 * 50,1850
37^2,1369
37 + 55,92
37 * 55,2035
37^2,1369
36 + 52,88
36 * 52,1872
36^2,1296
37 + 54,91
37 * 54,1998
37^2,1369
38 + 57,95
38 * 57,2166
38^2,1444
38 + 59,97
38 * 59,2242
38^2,1444
37 + 60,97
37 * 60,2220
37^2,1369
37 + 59,96
37 * 59,2183
37^2,1369
37 + 62,99
37 * 62,2294
37^2,1369
35 + 60,95
35 * 60,2100
35^2,1225
38 + 62,100
38 * 62,2356
38^2,1444
35 + 65,100
35 * 65,2275
35^2,1225
39 + 66,105
39 * 66,2574
39^2,1521
35 + 67,102
35 * 67,2345
35^2,1225
35 + 64,99
35 * 64,2240
35^2,1225
37 + 68,105
37 * 68,2516
37^2,1369
36 + 69,105
36 * 69,2484
36^2,1296
36 + 69,105
36 * 69,2484
36^2,1296
39 + 68,107
39 * 68,2652
39^2,1521
38 + 70,108
38 * 70,2660
38^2,1444
35 + 70,105
35 * 70,2450
35^2,1225
35 + 75,110
35 * 75,2625
35^2,1225
38 + 75,113
38 * 75,2850
38^2,1444
38 + 76,114
38 * 76,2888
38^2,1444
37 + 77,114
37 * 77,2849
37^2,1369
35 + 75,110
35 * 75,2625
35^2,1225
36 + 79,115
36 * 79,2844
36^2,1296
38 + 79,117
38 * 79,3002
38^2,1444
35 + 79,114
35 * 79,2765
35^2,1225
38 + 83,121
38 * 83,3154
38^2,1444
35 + 82,117
35 * 82,2870
35^2,1225
39 + 85,124
39 * 85,3315
39^2,1521
37 + 84,121
37 * 84,3108
37^2,1369
37 + 87,124
37 * 87,3219
37^2,1369
38 + 86,124
38 * 86,3268
38^2,1444
38 + 85,123
38 * 85,3230
38^2,1444
38 + 86,124
38 * 86,3268
38^2,1444
36 + 90,126
36 * 90,3240
36^2,1296
39 + 89,128
39 * 89,3471
39^2,1521
38 + 89,127
38 * 89,3382
38^2,1444
36 + 93,129
36 * 93,3348
36^2,1296
38 + 91,129
38 * 91,3458
38^2,1444
39 + 93,132
39 * 93,3627
39^2,1521
35 + 94,129
35 * 94,3290
35^2,1225
37 + 94,131
37 * 94,3478
37^2,1369
37 + 98,135
37 * 98,3626
37^2,1369
39 + 97,136
39 * 97,3783
39^2,1521
35 + 100,135
35 * 100,3500
35^2,1225
35 + 99,134
35 * 99,3465
35^2,1225
35 + 99,134
35 * 99,3465
35^2,1225
41 + 12,53
41 - 12,29
41 * 12,492
41^2,1681
43 + 15,58
43 - 15,28
43 * 15,645
43^2,1849
44 + 14,58
44 - 14,30
44 * 14,616
44^2,1936
42 + 16,58
42 - 16,26
42 * 16,672
42^2,1764
42 + 17,59
42 - 17,25
42 * 17,714
42^2,1764
43 + 18,61
43 - 18,25
43 * 18,774
43^2,1849
40 + 18,58
40 - 18,22
40 * 18,720
40^2,1600
44 + 17,61
44 - 17,27
44 * 17,748
44^2,1936
40 + 22,62
40 - 22,18
40 * 22,880
40^2,1600
44 + 21,65
44 - 21,23
44 * 21,924
44^2,1936
40 + 21,61
40 - 21,19
40 * 21,840
40^2,1600
41 + 25,66
41 - 25,16
41 * 25,1025
41^2,1681
42 + 26,68
42 - 26,16
42 * 26,1092
42^2,1764
40 + 23,63
40 - 23,17
40 * 23,920
40^2,1600
43 + 27,70
43 - 27,16
43 * 27,1161
43^2,1849
44 + 26,70
44 - 26,18
44 * 26,1144
44^2,1936
44 + 29,73
44 - 29,15
44 * 29,1276
44^2,1936
44 + 28,72
44 - 28,16
44 * 28,1232
44^2,1936
41 + 31,72
41 - 31,10
41 * 31,1271
41^2,1681
43 + 30,73
43 - 30,13
43 * 30,1290
43^2,1849
40 + 32,72
40 - 32,8
40 * 32,1280
40^2,1600
42 + 32,74
42 - 32,10
42 * 32,1344
42^2,1764
42 + 32,74
42 - 32,10
42 * 32,1344
42^2,1764
43 + 35,78
43 - 35,8
43 * 35,1505
43^2,1849
40 + 38,78
40 - 38,2
40 * 38,1520
40^2,1600
44 + 35,79
44 - 35,9
44 * 35,1540
44^2,1936
43 + 36,79
43 - 36,7
43 * 36,1548
43^2,1849
44 + 40,84
44 - 40,4
44 * 40,1760
44^2,1936
40 + 41,81
40 * 41,1640
40^2,1600
42 + 42,84
42 - 42,0
42 * 42,1764
42 / 42,1
42^2,1764
40 + 40,80
40 - 40,0
40 * 40,1600
40 / 40,1
40^2,1600
41 + 45,86
41 * 45,1845
41^2,1681
42 + 43,85
42 * 43,1806
42^2,1764
41 + 46,87
41 * 46,1886
41^2,1681
41 + 48,89
41 * 48,1968
41^2,1681
43 + 47,90
43 * 47,2021
43^2,1849
41 + 50,91
41 * 50,2050
41^2,1681
44 + 47,91
44 * 47,2068
44^2,1936
44 + 49,93
44 * 49,2156
44^2,1936
42 + 51,93
42 * 51,2142
42^2,1764
41 + 54,95
41 * 54,2214
41^2,1681
41 + 52,93
41 * 52,2132
41^2,1681
41 + 53,94
41 * 53,2173
41^2,1681
41 + 55,96
41 * 55,2255
41^2,1681
41 + 54,95
41 * 54,2214
41^2,1681
42 + 59,101
42 * 59,2478
42^2,1764
44 + 56,100
44 * 56,2464
44^2,1936
40 + 59,99
40 * 59,2360
40^2,1600
44 + 59,103
44 * 59,2596
44^2,1936
43 + 59,102
43 * 59,2537
43^2,1849
40 + 61,101
40 * 61,2440
40^2,1600
42 + 62,104
42 * 62,2604
42^2,1764
44 + 63,107
44 * 63,2772
44^2,1936
41 + 66,107
41 * 66,2706
41^2,1681
41 + 68,109
41 * 68,2788
41^2,1681
42 + 65,107
42 * 65,2730
42^2,1764
43 + 67,110
43 * 67,2881
43^2,1849
40 + 67,107
40 * 67,2680
40^2,1600
42 + 71,113
42 * 71,2982
42^2,1764
42 + 73,115
42 * 73,3066
42^2,1764
41 + 70,111
41 * 70,2870
41^2,1681
41 + 74,115
41 * 74,3034
41^2,1681
44 + 72,116
44 * 72,3168
44^2,1936
43 + 77,120
43 * 77,3311
43^2,1849
44 + 77,121
44 * 77,3388
44^2,1936
43 + 76,119
43 * 76,3268
43^2,1849
43 + 79,122
43 * 79,3397
43^2,1849
43 + 79,122
43 * 79,3397
43^2,1849
40 + 79,119
40 * 79,3160
40^2,1600
43 + 82,125
43 * 82,3526
43^2,1849
43 + 83,126
43 * 83,3569
43^2,1849
42 + 82,124
42 * 82,3444
42^2,1764
43 + 86,129
43 * 86,3698
43^2,1849
43 + 83,126
43 * 83,3569
43^2,1849
42 + 85,127
42 * 85,3570
42^2,1764
43 + 87,130
43 * 87,3741
43^2,1849
44 + 90,134
44 * 90,3960
44^2,1936
40 + 87,127
40 * 87,3480
40^2,1600
42 + 92,134
42 * 92,3864
42^2,1764
43 + 90,133
43 * 90,3870
43^2,1849
42 + 94,136
42 * 94,3948
42^2,1764
42 + 92,134
42 * 92,3864
42^2,1764
41 + 95,136
41 * 95,3895
41^2,1681
40 + 97,137
40 * 97,3880
40^2,1600
43 + 98,141
43 * 98,4214
43^2,1849
41 + 95,136
41 * 95,3895
41^2,1681
42 + 96,138
42 * 96,4032
42^2,1764
41 + 100,141
41 * 100,4100
41^2,1681
41 + 100,141
41 * 100,4100
41^2,1681
40 + 103,143
40 * 103,4120
40^2,1600
48 + 12,60
48 - 12,36
48 * 12,576
48 / 12,4
48^2,2304
48 + 15,63
48 - 15,33
48 * 15,720
48^2,2304
49 + 16,65
49 - 16,33
49 * 16,784
49^2,2401
46 + 16,62
46 - 16,30
46 * 16,736
46^2,2116
45 + 15,60
45 - 15,30
45 * 15,675
45 / 15,3
45^2,2025
46 + 18,64
46 - 18,28
46 * 18,828
46^2,2116
47 + 20,67
47 - 20,27
47 * 20,940
47^2,2209
49 + 17,66
49 - 17,32
49 * 17,833
49^2,2401
48 + 18,66
48 - 18,30
48 * 18,864
48^2,2304
46 + 19,65
46 - 19,27
46 * 19,874
46^2,2116
47 + 24,71
47 - 24,23
47 * 24,1128
47^2,2209
47 + 25,72
47 - 25,22
47 * 25,1175
47^2,2209
46 + 22,68
46 - 22,24
46 * 22,1012
46^2,2116
45 + 27,72
45 - 27,18
45 * 27,1215
45^2,2025
48 + 25,73
48 - 25,23
48 * 25,1200
48^2,2304
47 + 29,76
47 - 29,18
47 * 29,1363
47^2,2209
45 + 28,73
45 - 28,17
45 * 28,1260
45^2,2025
46 + 28,74
46 - 28,18
46 * 28,1288
46^2,2116
46 + 29,75
46 - 29,17
46 * 29,1334
46^2,2116
46 + 33,79
46 - 33,13
46 * 33,1518
46^2,2116
48 + 33,81
48 - 33,15
48 * 33,1584
48^2,2304
48 + 34,82
48 - 34,14
48 * 34,1632
48^2,2304
48 + 32,80
48 - 32,16
48 * 32,1536
48^2,2304
49 + 35,84
49 - 35,14
49 * 35,1715
49^2,2401
45 + 37,82
45 - 37,8
45 * 37,1665
45^2,2025
49 + 37,86
49 - 37,12
49 * 37,1813
49^2,2401
49 + 36,85
49 - 36,13
49 * 36,1764
49^2,2401
48 + 38,86
48 - 38,10
48 * 38,1824
48^2,2304
48 + 42,90
48 - 42,6
48 * 42,2016
48^2,2304
47 + 43,90
47 - 43,4
47 * 43,2021
47^2,2209
45 + 42,87
45 - 42,3
45 * 42,1890
45^2,2025
48 + 45,93
48 - 45,3
48 * 45,2160
48^2,2304
47 + 43,90
47 - 43,4
47 * 43,2021
47^2,2209
45 + 45,90
45 - 45,0
45 * 45,2025
45 / 45,1
45^2,2025
47 + 48,95
47 * 48,2256
47^2,2209
45 + 47,92
45 * 47,2115
45^2,2025
47 + 47,94
47 - 47,0
47 * 47,2209
47 / 47,1
47^2,2209
46 + 49,95
46 * 49,2254
46^2,2116
48 + 51,99
48 * 51,2448
48^2,2304
45 + 49,94
45 * 49,2205
45^2,2025
48 + 51,99
48 * 51,2448
48^2,2304
46 + 52,98
46 * 52,2392
46^2,2116
49 + 56,105
49 * 56,2744
49^2,2401
47 + 53,100
47 * 53,2491
47^2,2209
48 + 54,102
48 * 54,2592
48^2,2304
46 + 58,104
46 * 58,2668
46^2,2116
47 + 58,105
47 * 58,2726
47^2,2209
49 + 61,110
49 * 61,2989
49^2,2401
47 + 58,105
47 * 58,2726
47^2,2209
48 + 61,109
48 * 61,2928
48^2,2304
47 + 60,107
47 * 60,2820
47^2,2209
47 + 64,111
47 * 64,3008
47^2,2209
49 + 62,111
49 * 62,3038
49^2,2401
47 + 63,110
47 * 63,2961
47^2,2209
46 + 67,113
46 * 67,3082
46^2,2116
47 + 66,113
47 * 66,3102
47^2,2209
47 + 69,116
47 * 69,3243
47^2,2209
48 + 70,118
48 * 70,3360
48^2,2304
47 + 70,117
47 * 70,3290
47^2,2209
45 + 69,114
45 * 69,3105
45^2,2025
48 + 74,122
48 * 74,3552
48^2,2304
49 + 75,124
49 * 75,3675
49^2,2401
46 + 74,120
46 * 74,3404
46^2,2116
47 + 77,124
47 * 77,3619
47^2,2209
45 + 74,119
45 * 74,3330
45^2,2025
49 + 77,126
49 * 77,3773
49^2,2401
49 + 80,129
49 * 80,3920
49^2,2401
46 + 80,126
46 * 80,3680
46^2,2116
46 + 81,127
46 * 81,3726
46^2,2116
46 + 82,128
46 * 82,3772
46^2,2116
49 + 82,131
49 * 82,4018
49^2,2401
46 + 84,130
46 * 84,3864
46^2,2116
45 + 82,127
45 * 82,3690
45^2,2025
46 + 87,133
46 * 87,4002
46^2,2116
47 + 85,132
47 * 85,3995
47^2,2209
49 + 85,134
49 * 85,4165
49^2,2401
45 + 88,133
45 * 88,3960
45^2,2025
48 + 90,138
48 * 90,4320
48^2,2304
46 + 90,136
46 * 90,4140
46^2,2116
47 + 90,137
47 * 90,4230
47^2,2209
49 + 90,139
49 * 90,4410
49^2,2401
49 + 94,143
49 * 94,4606
49^2,2401
47 + 93,140
47 * 93,4371
47^2,2209
47 + 96,143
47 * 96,4512
47^2,2209
46 + 98,144
46 * 98,4508
46^2,2116
46 + 95,141
46 * 95,4370
46^2,2116
46 + 100,146
46 * 100,4600
46^2,2116
49 + 100,149
49 * 100,4900
49^2,2401
47 + 102,149
47 * 102,4794
47^2,2209
47 + 101,148
47 * 101,4747
47^2,2209
54 + 10,64
54 - 10,44
54 * 10,540
54^2,2916
51 + 12,63
51 - 12,39
51 * 12,612
51^2,2601
50 + 16,66
50 - 16,34
50 * 16,800
50^2,2500
52 + 14,66
52 - 14,38
52 * 14,728
52^2,2704
54 + 17,71
54 - 17,37
54 * 17,918
54^2,2916
50 + 16,66
50 - 16,34
50 * 16,800
50^2,2500
51 + 18,69
51 - 18,33
51 * 18,918
51^2,2601
50 + 19,69
50 - 19,31
50 * 19,950
50^2,2500
54 + 18,72
54 - 18,36
54 * 18,972
54 / 18,3
54^2,2916
52 + 20,72
52 - 20,32
52 * 20,1040
52^2,2704
52 + 21,73
52 - 21,31
52 * 21,1092
52^2,2704
52 + 25,77
52 - 25,27
52 * 25,1300
52^2,2704
51 + 22,73
51 - 22,29
51 * 22,1122
51^2,2601
54 + 26,80
54 - 26,28
54 * 26,1404
54^2,2916
50 + 28,78
50 - 28,22
50 * 28,1400
50^2,2500
54 + 26,80
54 - 26,28
54 * 26,1404
54^2,2916
52 + 30,82
52 - 30,22
52 * 30,1560
52^2,2704
51 + 30,81
51 - 30,21
51 * 30,1530
51^2,2601
50 + 29,79
50 - 29,21
50 * 29,1450
50^2,2500
53 + 31,84
53 - 31,22
53 * 31,1643
53^2,2809
50 + 32,82
50 - 32,18
50 * 32,1600
50^2,2500
50 + 34,84
50 - 34,16
50 * 34,1700
50^2,2500
50 + 33,83
50 - 33,17
50 * 33,1650
50^2,2500
54 + 36,90
54 - 36,18
54 * 36,1944
54^2,2916
53 + 35,88
53 - 35,18
53 * 35,1855
53^2,2809
54 + 38,92
54 - 38,16
54 * 38,2052
54^2,2916
50 + 39,89
50 - 39,11
50 * 39,1950
50^2,2500
51 + 40,91
51 - 40,11
51 * 40,2040
51^2,2601
50 + 39,89
50 - 39,11
50 * 39,1950
50^2,2500
52 + 40,92
52 - 40,12
52 * 40,2080
52^2,2704
54 + 41,95
54 - 41,13
54 * 41,2214
54^2,2916
52 + 43,95
52 - 43,9
52 * 43,2236
52^2,2704
50 + 44,94
50 - 44,6
50 * 44,2200
50^2,2500
50 + 46,96
50 - 46,4
50 * 46,2300
50^2,2500
53 + 46,99
53 - 46,7
53 * 46,2438
53^2,2809
51 + 46,97
51 - 46,5
51 * 46,2346
51^2,2601
53 + 48,101
53 - 48,5
53 * 48,2544
53^2,2809
50 + 51,101
50 * 51,2550
50^2,2500
54 + 52,106
54 - 52,2
54 * 52,2808
54^2,2916
52 + 52,104
52 - 52,0
52 * 52,2704
52 / 52,1
52^2,2704
51 + 50,101
51 - 50,1
51 * 50,2550
51^2,2601
54 + 55,109
54 * 55,2970
54^2,2916
52 + 55,107
52 * 55,2860
52^2,2704
54 + 56,110
54 * 56,3024
54^2,2916
50 + 54,104
50 * 54,2700
50^2,2500
51 + 57,108
51 * 57,2907
51^2,2601
50 + 56,106
50 * 56,2800
50^2,2500
52 + 57,109
52 * 57,2964
52^2,2704
53 + 59,112
53 * 59,3127
53^2,2809
51 + 62,113
51 * 62,3162
51^2,2601
54 + 64,118
54 * 64,3456
54^2,2916
50 + 65,115
50 * 65,3250
50^2,2500
51 + 62,113
51 * 62,3162
51^2,2601
52 + 66,118
52 * 66,3432
52^2,2704
54 + 65,119
54 * 65,3510
54^2,2916
50 + 69,119
50 * 69,3450
50^2,2500
52 + 67,119
52 * 67,3484
52^2,2704
51 + 68,119
51 * 68,3468
51^2,2601
52 + 70,122
52 * 70,3640
52^2,2704
54 + 73,127
54 * 73,3942
54^2,2916
54 + 71,125
54 * 71,3834
54^2,2916
53 + 72,125
53 * 72,3816
53^2,2809
53 + 75,128
53 * 75,3975
53^2,2809
52 + 75,127
52 * 75,3900
52^2,2704
54 + 75,129
54 * 75,4050
54^2,2916
52 + 77,129
52 * 77,4004
52^2,2704
54 + 80,134
54 * 80,4320
54^2,2916
53 + 81,134
53 * 81,4293
53^2,2809
54 + 80,134
54 * 80,4320
54^2,2916
51 + 79,130
51 * 79,4029
51^2,2601
51 + 81,132
51 * 81,4131
51^2,2601
50 + 85,135
50 * 85,4250
50^2,2500
54 + 82,136
54 * 82,4428
54^2,2916
53 + 87,140
53 * 87,4611
53^2,2809
50 + 88,138
50 * 88,4400
50^2,2500
50 + 88,138
50 * 88,4400
50^2,2500
54 + 87,141
54 * 87,4698
54^2,2916
53 + 89,142
53 * 89,4717
53^2,2809
53 + 88,141
53 * 88,4664
53^2,2809
50 + 92,142
50 * 92,4600
50^2,2500
53 + 93,146
53 * 93,4929
53^2,2809
53 + 92,145
53 * 92,4876
53^2,2809
52 + 95,147
52 * 95,4940
52^2,2704
54 + 97,151
54 * 97,5238
54^2,2916
54 + 94,148
54 * 94,5076
54^2,2916
54 + 99,153
54 * 99,5346
54^2,2916
53 + 98,151
53 * 98,5194
53^2,2809
53 + 98,151
53 * 98,5194
53^2,2809
50 + 98,148
50 * 98,4900
50^2,2500
50 + 103,153
50 * 103,5150
50^2,2500
55 + 10,65
55 - 10,45
55 * 10,550
55^2,3025
58 + 12,70
58 - 12,46
58 * 12,696
58^2,3364
57 + 14,71
57 - 14,43
57 * 14,798
57^2,3249
58 + 15,73
58 - 15,43
58 * 15,870
58^2,3364
56 + 17,73
56 - 17,39
56 * 17,952
56^2,3136
59 + 16,75
59 - 16,43
59 * 16,944
59^2,3481
56 + 16,72
56 - 16,40
56 * 16,896
56^2,3136
55 + 21,76
55 - 21,34
55 * 21,1155
55^2,3025
55 + 22,77
55 - 22,33
55 * 22,1210
55^2,3025
56 + 23,79
56 - 23,33
56 * 23,1288
56^2,3136
56 + 23,79
56 - 23,33
56 * 23,1288
56^2,3136
57 + 22,79
57 - 22,35
57 * 22,1254
57^2,3249
57 + 23,80
57 - 23,34
57 * 23,1311
57^2,3249
58 + 25,83
58 - 25,33
58 * 25,1450
58^2,3364
56 + 24,80
56 - 24,32
56 * 24,1344
56^2,3136
59 + 25,84
59 - 25,34
59 * 25,1475
59^2,3481
55 + 27,82
55 - 27,28
55 * 27,1485
55^2,3025
59 + 30,89
59 - 30,29
59 * 30,1770
59^2,3481
56 + 28,84
56 - 28,28
56 * 28,1568
56 / 28,2
56^2,3136
56 + 32,88
56 - 32,24
56 * 32,1792
56^2,3136
57 + 34,91
57 - 34,23
57 * 34,1938
57^2,3249
58 + 31,89
58 - 31,27
58 * 31,1798
58^2,3364
57 + 36,93
57 - 36,21
57 * 36,2052
57^2,3249
56 + 37,93
56 - 37,19
56 * 37,2072
56^2,3136
56 + 34,90
56 - 34,22
56 * 34,1904
56^2,3136
58 + 38,96
58 - 38,20
58 * 38,2204
58^2,3364
56 + 37,93
56 - 37,19
56 * 37,2072
56^2,3136
57 + 41,98
57 - 41,16
57 * 41,2337
57^2,3249
55 + 40,95
55 - 40,15
55 * 40,2200
55^2,3025
56 + 39,95
56 - 39,17
56 * 39,2184
56^2,3136
55 + 43,98
55 - 43,12
55 * 43,2365
55^2,3025
56 + 43,99
56 - 43,13
56 * 43,2408
56^2,3136
57 + 44,101
57 - 44,13
57 * 44,2508
57^2,3249
55 + 45,100
55 - 45,10
55 * 45,2475
55^2,3025
59 + 44,103
59 - 44,15
59 * 44,2596
59^2,3481
56 + 45,101
56 - 45,11
56 * 45,2520
56^2,3136
57 + 49,106
57 - 49,8
57 * 49,2793
57^2,3249
59 + 48,107
59 - 48,11
59 * 48,2832
59^2,3481
58 + 50,108
58 - 50,8
58 * 50,2900
58^2,3364
59 + 51,110
59 - 51,8
59 * 51,3009
59^2,3481
57 + 54,111
57 - 54,3
57 * 54,3078
57^2,3249
57 + 52,109
57 - 52,5
57 * 52,2964
57^2,3249
58 + 54,112
58 - 54,4
58 * 54,3132
58^2,3364
56 + 53,109
56 - 53,3
56 * 53,2968
56^2,3136
58 + 55,113
58 - 55,3
58 * 55,3190
58^2,3364
58 + 55,113
58 - 55,3
58 * 55,3190
58^2,3364
58 + 60,118
58 * 60,3480
58^2,3364
57 + 59,116
57 * 59,3363
57^2,3249
56 + 62,118
56 * 62,3472
56^2,3136
55 + 61,116
55 * 61,3355
55^2,3025
59 + 64,123
59 * 64,3776
59^2,3481
55 + 63,118
55 * 63,3465
55^2,3025
57 + 66,123
57 * 66,3762
57^2,3249
56 + 63,119
56 * 63,3528
56^2,3136
59 + 66,125
59 * 66,3894
59^2,3481
56 + 67,123
56 * 67,3752
56^2,3136
56 + 66,122
56 * 66,3696
56^2,3136
55 + 69,124
55 * 69,3795
55^2,3025
58 + 72,130
58 * 72,4176
58^2,3364
59 + 72,131
59 * 72,4248
59^2,3481
58 + 74,132
58 * 74,4292
58^2,3364
56 + 75,131
56 * 75,4200
56^2,3136
56 + 75,131
56 * 75,4200
56^2,3136
59 + 76,135
59 * 76,4484
59^2,3481
56 + 78,134
56 * 78,4368
56^2,3136
57 + 77,134
57 * 77,4389
57^2,3249
56 + 76,132
56 * 76,4256
56^2,3136
59 + 77,136
59 * 77,4543
59^2,3481
57 + 78,135
57 * 78,4446
57^2,3249
56 + 82,138
56 * 82,4592
56^2,3136
57 + 81,138
57 * 81,4617
57^2,3249
59 + 82,141
59 * 82,4838
59^2,3481
56 + 85,141
56 * 85,4760
56^2,3136
59 + 87,146
59 * 87,5133
59^2,3481
55 + 84,139
55 * 84,4620
55^2,3025
58 + 86,144
58 * 86,4988
58^2,3364
57 + 89,146
57 * 89,5073
57^2,3249
57 + 89,146
57 * 89,5073
57^2,3249
56 + 92,148
56 * 92,5152
56^2,3136
59 + 91,150
59 * 91,5369
59^2,3481
56 + 94,150
56 * 94,5264
56^2,3136
57 + 95,152
57 * 95,5415
57^2,3249
55 + 96,151
55 * 96,5280
55^2,3025
59 + 95,154
59 * 95,5605
59^2,3481
57 + 94,151
57 * 94,5358
57^2,3249
57 + 97,154
57 * 97,5529
57^2,3249
59 + 99,158
59 * 99,5841
59^2,3481
58 + 99,157
58 * 99,5742
58^2,3364
55 + 101,156
55 * 101,5555
55^2,3025
59 + 103,162
59 * 103,6077
59^2,3481
64 + 14,78
64 - 14,50
64 * 14,896
64^2,4096
62 + 14,76
62 - 14,48
62 * 14,868
62^2,3844
62 + 14,76
62 - 14,48
62 * 14,868
62^2,3844
62 + 14,76
62 - 14,48
62 * 14,868
62^2,3844
64 + 14,78
64 - 14,50
64 * 14,896
64^2,4096
62 + 17,79
62 - 17,45
62 * 17,1054
62^2,3844
60 + 17,77
60 - 17,43
60 * 17,1020
60^2,3600
64 + 18,82
64 - 18,46
64 * 18,1152
64^2,4096
64 + 19,83
64 - 19,45
64 * 19,1216
64^2,4096
61 + 23,84
61 - 23,38
61 * 23,1403
61^2,3721
63 + 24,87
63 - 24,39
63 * 24,1512
63^2,3969
63 + 25,88
63 - 25,38
63 * 25,1575
63^2,3969
61 + 25,86
61 - 25,36
61 * 25,1525
61^2,3721
61 + 24,85
61 - 24,37
61 * 24,1464
61^2,3721
61 + 27,88
61 - 27,34
61 * 27,1647
61^2,3721
62 + 27,89
62 - 27,35
62 * 27,1674
62^2,3844
64 + 26,90
64 - 26,38
64 * 26,1664
64^2,4096
61 + 29,90
61 - 29,32
61 * 29,1769
61^2,3721
61 + 30,91
61 - 30,31
61 * 30,1830
61^2,3721
60 + 33,93
60 - 33,27
60 * 33,1980
60^2,3600
64 + 32,96
64 - 32,32
64 * 32,2048
64 / 32,2
64^2,4096
62 + 35,97
62 - 35,27
62 * 35,2170
62^2,3844
64 + 33,97
64 - 33,31
64 * 33,2112
64^2,4096
64 + 33,97
64 - 33,31
64 * 33,2112
64^2,4096
60 + 37,97
60 - 37,23
60 * 37,2220
60^2,3600
64 + 35,99
64 - 35,29
64 * 35,2240
64^2,4096
61 + 38,99
61 - 38,23
61 * 38,2318
61^2,3721
62 + 41,103
62 - 41,21
62 * 41,2542
62^2,3844
64 + 39,103
64 - 39,25
64 * 39,2496
64^2,4096
63 + 39,102
63 - 39,24
63 * 39,2457
63^2,3969
63 + 43,106
63 - 43,20
63 * 43,2709
63^2,3969
63 + 43,106
63 - 43,20
63 * 43,2709
63^2,3969
63 + 43,106
63 - 43,20
63 * 43,2709
63^2,3969
63 + 45,108
63 - 45,18
63 * 45,2835
63^2,3969
62 + 46,108
62 - 46,16
62 * 46,2852
62^2,3844
60 + 49,109
60 - 49,11
60 * 49,2940
60^2,3600
63 + 50,113
63 - 50,13
63 * 50,3150
63^2,3969
60 + 48,108
60 - 48,12
60 * 48,2880
60^2,3600
61 + 50,111
61 - 50,11
61 * 50,3050
61^2,3721
63 + 49,112
63 - 49,14
63 * 49,3087
63^2,3969
63 + 53,116
63 - 53,10
63 * 53,3339
63^2,3969
64 + 53,117
64 - 53,11
64 * 53,3392
64^2,4096
62 + 56,118
62 - 56,6
62 * 56,3472
62^2,3844
64 + 53,117
64 - 53,11
64 * 53,3392
64^2,4096
61 + 57,118
61 - 57,4
61 * 57,3477
61^2,3721
63 + 59,122
63 - 59,4
63 * 59,3717
63^2,3969
61 + 58,119
61 - 58,3
61 * 58,3538
61^2,3721
60 + 60,120
60 - 60,0
60 * 60,3600
60 / 60,1
60^2,3600
60 + 60,120
60 - 60,0
60 * 60,3600
60 / 60,1
60^2,3600
64 + 63,127
64 - 63,1
64 * 63,4032
64^2,4096
63 + 60,123
63 - 60,3
63 * 60,3780
63^2,3969
63 + 65,128
63 * 65,4095
63^2,3969
62 + 66,128
62 * 66,4092
62^2,3844
61 + 63,124
61 * 63,3843
61^2,3721
63 + 68,131
63 * 68,4284
63^2,3969
63 + 69,132
63 * 69,4347
63^2,3969
61 + 69,130
61 * 69,4209
61^2,3721
64 + 68,132
64 * 68,4352
64^2,4096
60 + 70,130
60 * 70,4200
60^2,3600
60 + 72,132
60 * 72,4320
60^2,3600
63 + 73,136
63 * 73,4599
63^2,3969
60 + 75,135
60 * 75,4500
60^2,3600
64 + 72,136
64 * 72,4608
64^2,4096
63 + 77,140
63 * 77,4851
63^2,3969
62 + 77,139
62 * 77,4774
62^2,3844
62 + 77,139
62 * 77,4774
62^2,3844
61 + 80,141
61 * 80,4880
61^2,3721
63 + 81,144
63 * 81,5103
63^2,3969
64 + 80,144
64 * 80,5120
64^2,4096
60 + 83,143
60 * 83,4980
60^2,3600
64 + 83,147
64 * 83,5312
64^2,4096
61 + 81,142
61 * 81,4941
61^2,3721
64 + 83,147
64 * 83,5312
64^2,4096
62 + 86,148
62 * 86,5332
62^2,3844
61 + 85,146
61 * 85,5185
61^2,3721
62 + 86,148
62 * 86,5332
62^2,3844
61 + 87,148
61 * 87,5307
61^2,3721
62 + 87,149
62 * 87,5394
62^2,3844
62 + 89,151
62 * 89,5518
62^2,3844
63 + 91,154
63 * 91,5733
63^2,3969
60 + 93,153
60 * 93,5580
60^2,3600
60 + 94,154
60 * 94,5640
60^2,3600
61 + 92,153
61 * 92,5612
61^2,3721
60 + 96,156
60 * 96,5760
60^2,3600
62 + 94,156
62 * 94,5828
62^2,3844
63 + 96,159
63 * 96,6048
63^2,3969
61 + 96,157
61 * 96,5856
61^2,3721
64 + 97,161
64 * 97,6208
64^2,4096
60 + 98,158
60 * 98,5880
60^2,3600
64 + 101,165
64 * 101,6464
64^2,4096
67 + 10,77
67 - 10,57
67 * 10,670
67^2,4489
67 + 11,78
67 - 11,56
67 * 11,737
67^2,4489
67 + 14,81
67 - 14,53
67 * 14,938
67^2,4489
69 + 17,86
69 - 17,52
69 * 17,1173
69^2,4761
66 + 17,83
66 - 17,49
66 * 17,1122
66^2,4356
65 + 19,84
65 - 19,46
65 * 19,1235
65^2,4225
67 + 19,86
67 - 19,48
67 * 19,1273
67^2,4489
68 + 17,85
68 - 17,51
68 * 17,1156
68 / 17,4
68^2,4624
68 + 21,89
68 - 21,47
68 * 21,1428
68^2,4624
65 + 23,88
65 - 23,42
65 * 23,1495
65^2,4225
65 + 21,86
65 - 21,44
65 * 21,1365
65^2,4225
65 + 22,87
65 - 22,43
65 * 22,1430
65^2,4225
65 + 23,88
65 - 23,42
65 * 23,1495
65^2,4225
65 + 27,92
65 - 27,38
65 * 27,1755
65^2,4225
66 + 25,91
66 - 25,41
66 * 25,1650
66^2,4356
67 + 26,93
67 - 26,41
67 * 26,1742
67^2,4489
69 + 27,96
69 - 27,42
69 * 27,1863
69^2,4761
67 + 30,97
67 - 30,37
67 * 30,2010
67^2,4489
68 + 28,96
68 - 28,40
68 * 28,1904
68^2,4624
65 + 32,97
65 - 32,33
65 * 32,2080
65^2,4225
67 + 30,97
67 - 30,37
67 * 30,2010
67^2,4489
65 + 34,99
65 - 34,31
65 * 34,2210
65^2,4225
66 + 34,100
66 - 34,32
66 * 34,2244
66^2,4356
69 + 35,104
69 - 35,34
69 * 35,2415
69^2,4761
69 + 38,107
69 - 38,31
69 * 38,2622
69^2,4761
65 + 36,101
65 - 36,29
65 * 36,2340
65^2,4225
68 + 38,106
68 - 38,30
68 * 38,2584
68^2,4624
66 + 41,107
66 - 41,25
66 * 41,2706
66^2,4356
69 + 42,111
69 - 42,27
69 * 42,2898
69^2,4761
67 + 42,109
67 - 42,25
67 * 42,2814
67^2,4489
67 + 42,109
67 - 42,25
67 * 42,2814
67^2,4489
67 + 42,109
67 - 42,25
67 * 42,2814
67^2,4489
66 + 42,108
66 - 42,24
66 * 42,2772
66^2,4356
69 + 45,114
69 - 45,24
69 * 45,3105
69^2,4761
68 + 47,115
68 - 47,21
68 * 47,3196
68^2,4624
69 + 45,114
69 - 45,24
69 * 45,3105
69^2,4761
67 + 47,114
67 - 47,20
67 * 47,3149
67^2,4489
68 + 49,117
68 - 49,19
68 * 49,3332
68^2,4624
67 + 49,116
67 - 49,18
67 * 49,3283
67^2,4489
65 + 49,114
65 - 49,16
65 * 49,3185
65^2,4225
68 + 51,119
68 - 51,17
68 * 51,3468
68^2,4624
69 + 54,123
69 - 54,15
69 * 54,3726
69^2,4761
69 + 54,123
69 - 54,15
69 * 54,3726
69^2,4761
66 + 54,120
66 - 54,12
66 * 54,3564
66^2,4356
67 + 57,124
67 - 57,10
67 * 57,3819
67^2,4489
66 + 57,123
66 - 57,9
66 * 57,3762
66^2,4356
68 + 60,128
68 - 60,8
68 * 60,4080
68^2,4624
66 + 57,123
66 - 57,9
66 * 57,3762
66^2,4356
68 + 60,128
68 - 60,8
68 * 60,4080
68^2,4624
66 + 61,127
66 - 61,5
66 * 61,4026
66^2,4356
69 + 62,131
69 - 62,7
69 * 62,4278
69^2,4761
67 + 62,129
67 - 62,5
67 * 62,4154
67^2,4489
69 + 65,134
69 - 65,4
69 * 65,4485
69^2,4761
66 + 64,130
66 - 64,2
66 * 64,4224
66^2,4356
67 + 65,132
67 - 65,2
67 * 65,4355
67^2,4489
69 + 65,134
69 - 65,4
69 * 65,4485
69^2,4761
68 + 69,137
68 * 69,4692
68^2,4624
65 + 71,136
65 * 71,4615
65^2,4225
67 + 71,138
67 * 71,4757
67^2,4489
67 + 69,136
67 * 69,4623
67^2,4489
66 + 70,136
66 * 70,4620
66^2,4356
66 + 74,140
66 * 74,4884
66^2,4356
65 + 75,140
65 * 75,4875
65^2,4225
69 + 75,144
69 * 75,5175
69^2,4761
68 + 78,146
68 * 78,5304
68^2,4624
66 + 79,145
66 * 79,5214
66^2,4356
68 + 79,147
68 * 79,5372
68^2,4624
65 + 78,143
65 * 78,5070
65^2,4225
65 + 82,147
65 * 82,5330
65^2,4225
69 + 79,148
69 * 79,5451
69^2,4761
66 + 83,149
66 * 83,5478
66^2,4356
66 + 82,148
66 * 82,5412
66^2,4356
65 + 83,148
65 * 83,5395
65^2,4225
68 + 87,155
68 * 87,5916
68^2,4624
67 + 88,155
67 * 88,5896
67^2,4489
67 + 86,153
67 * 86,5762
67^2,4489
69 + 86,155
69 * 86,5934
69^2,4761
67 + 89,156
67 * 89,5963
67^2,4489
68 + 88,156
68 * 88,5984
68^2,4624
66 + 90,156
66 * 90,5940
66^2,4356
68 + 90,158
68 * 90,6120
68^2,4624
66 + 94,160
66 * 94,6204
66^2,4356
69 + 93,162
69 * 93,6417
69^2,4761
69 + 97,166
69 * 97,6693
69^2,4761
69 + 96,165
69 * 96,6624
69^2,4761
68 + 96,164
68 * 96,6528
68^2,4624
65 + 96,161
65 * 96,6240
65^2,4225
66 + 101,167
66 * 101,6666
66^2,4356
69 + 101,170
69 * 101,6969
69^2,4761
69 + 101,170
69 * 101,6969
69^2,4761
70 + 11,81
70 - 11,59
70 * 11,770
70^2,4900
72 + 12,84
72 - 12,60
72 * 12,864
72 / 12,6
72^2,5184
74 + 15,89
74 - 15,59
74 * 15,1110
74^2,5476
73 + 17,90
73 - 17,56
73 * 17,1241
73^2,5329
72 + 18,90
72 - 18,54
72 * 18,1296
72 / 18,4
72^2,5184
72 + 16,88
72 - 16,56
72 * 16,1152
72^2,5184
71 + 19,90
71 - 19,52
71 * 19,1349
71^2,5041
70 + 21,91
70 - 21,49
70 * 21,1470
70^2,4900
74 + 18,92
74 - 18,56
74 * 18,1332
74^2,5476
70 + 21,91
70 - 21,49
70 * 21,1470
70^2,4900
74 + 21,95
74 - 21,53
74 * 21,1554
74^2,5476
70 + 24,94
70 - 24,46
70 * 24,1680
70^2,4900
70 + 24,94
70 - 24,46
70 * 24,1680
70^2,4900
71 + 24,95
71 - 24,47
71 * 24,1704
71^2,5041
71 + 27,98
71 - 27,44
71 * 27,1917
71^2,5041
74 + 26,100
74 - 26,48
74 * 26,1924
74^2,5476
72 + 27,99
72 - 27,45
72 * 27,1944
72^2,5184
72 + 31,103
72 - 31,41
72 * 31,2232
72^2,5184
70 + 29,99
70 - 29,41
70 * 29,2030
70^2,4900
74 + 31,105
74 - 31,43
74 * 31,2294
74^2,5476
70 + 34,104
70 - 34,36
70 * 34,2380
70^2,4900
71 + 34,105
71 - 34,37
71 * 34,2414
71^2,5041
73 + 33,106
73 - 33,40
73 * 33,2409
73^2,5329
72 + 36,108
72 - 36,36
72 * 36,2592
72 / 36,2
72^2,5184
74 + 36,110
74 - 36,38
74 * 36,2664
74^2,5476
71 + 37,108
71 - 37,34
71 * 37,2627
71^2,5041
72 + 37,109
72 - 37,35
72 * 37,2664
72^2,5184
72 + 38,110
72 - 38,34
72 * 38,2736
72^2,5184
70 + 41,111
70 - 41,29
70 * 41,2870
70^2,4900
70 + 39,109
70 - 39,31
70 * 39,2730
70^2,4900
73 + 43,116
73 - 43,30
73 * 43,3139
73^2,5329
74 + 41,115
74 - 41,33
74 * 41,3034
74^2,5476
70 + 42,112
70 - 42,28
70 * 42,2940
70^2,4900
71 + 46,117
71 - 46,25
71 * 46,3266
71^2,5041
72 + 45,117
72 - 45,27
72 * 45,3240
72^2,5184
70 + 47,117
70 - 47,23
70 * 47,3290
70^2,4900
71 + 47,118
71 - 47,24
71 * 47,3337
71^2,5041
74 + 51,125
74 - 51,23
74 * 51,3774
74^2,5476
70 + 51,121
70 - 51,19
70 * 51,3570
70^2,4900
74 + 49,123
74 - 49,25
74 * 49,3626
74^2,5476
71 + 51,122
71 - 51,20
71 * 51,3621
71^2,5041
72 + 55,127
72 - 55,17
72 * 55,3960
72^2,5184
73 + 54,127
73 - 54,19
73 * 54,3942
73^2,5329
73 + 57,130
73 - 57,16
73 * 57,4161
73^2,5329
71 + 55,126
71 - 55,16
71 * 55,3905
71^2,5041
74 + 55,129
74 - 55,19
74 * 55,4070
74^2,5476
74 + 60,134
74 - 60,14
74 * 60,4440
74^2,5476
72 + 61,133
72 - 61,11
72 * 61,4392
72^2,5184
71 + 61,132
71 - 61,10
71 * 61,4331
71^2,5041
70 + 61,131
70 - 61,9
70 * 61,4270
70^2,4900
74 + 60,134
74 - 60,14
74 * 60,4440
74^2,5476
72 + 61,133
72 - 61,11
72 * 61,4392
72^2,5184
70 + 63,133
70 - 63,7
70 * 63,4410
70^2,4900
70 + 63,133
70 - 63,7
70 * 63,4410
70^2,4900
70 + 65,135
70 - 65,5
70 * 65,4550
70^2,4900
72 + 65,137
72 - 65,7
72 * 65,4680
72^2,5184
74 + 70,144
74 - 70,4
74 * 70,5180
74^2,5476
71 + 69,140
71 - 69,2
71 * 69,4899
71^2,5041
70 + 72,142
70 * 72,5040
70^2,4900
74 + 70,144
74 - 70,4
74 * 70,5180
74^2,5476
72 + 70,142
72 - 70,2
72 * 70,5040
72^2,5184
73 + 74,147
73 * 74,5402
73^2,5329
73 + 72,145
73 - 72,1
73 * 72,5256
73^2,5329
70 + 75,145
70 * 75,5250
70^2,4900
73 + 74,147
73 * 74,5402
73^2,5329
70 + 76,146
70 * 76,5320
70^2,4900
73 + 79,152
73 * 79,5767
73^2,5329
71 + 80,151
71 * 80,5680
71^2,5041
71 + 78,149
71 * 78,5538
71^2,5041
74 + 82,156
74 * 82,6068
74^2,5476
70 + 84,154
70 * 84,5880
70^2,4900
71 + 85,156
71 * 85,6035
71^2,5041
74 + 84,158
74 * 84,6216
74^2,5476
74 + 85,159
74 * 85,6290
74^2,5476
72 + 86,158
72 * 86,6192
72^2,5184
72 + 88,160
72 * 88,6336
72^2,5184
73 + 90,163
73 * 90,6570
73^2,5329
72 + 88,160
72 * 88,6336
72^2,5184
70 + 89,159
70 * 89,6230
70^2,4900
71 + 92,163
71 * 92,6532
71^2,5041
73 + 93,166
73 * 93,6789
73^2,5329
70 + 94,164
70 * 94,6580
70^2,4900
73 + 95,168
73 * 95,6935
73^2,5329
74 + 96,170
74 * 96,7104
74^2,5476
72 + 98,170
72 * 98,7056
72^2,5184
73 + 95,168
73 * 95,6935
73^2,5329
70 + 96,166
70 * 96,6720
70^2,4900
73 + 101,174
73 * 101,7373
73^2,5329
71 + 99,170
71 * 99,7029
71^2,5041
71 + 100,171
71 * 100,7100
71^2,5041
77 + 14,91
77 - 14,63
77 * 14,1078
77^2,5929
78 + 15,93
78 - 15,63
78 * 15,1170
78^2,6084
76 + 12,88
76 - 12,64
76 * 12,912
76^2,5776
76 + 16,92
76 - 16,60
76 * 16,1216
76^2,5776
79 + 16,95
79 - 16,63
79 * 16,1264
79^2,6241
79 + 17,96
79 - 17,62
79 * 17,1343
79^2,6241
76 + 17,93
76 - 17,59
76 * 17,1292
76^2,5776
75 + 18,93
75 - 18,57
75 * 18,1350
75^2,5625
76 + 21,97
76 - 21,55
76 * 21,1596
76^2,5776
76 + 22,98
76 - 22,54
76 * 22,1672
76^2,5776
75 + 24,99
75 - 24,51
75 * 24,1800
75^2,5625
79 + 22,101
79 - 22,57
79 * 22,1738
79^2,6241
79 + 23,102
79 - 23,56
79 * 23,1817
79^2,6241
77 + 23,100
77 - 23,54
77 * 23,1771
77^2,5929
76 + 28,104
76 - 28,48
76 * 28,2128
76^2,5776
76 + 28,104
76 - 28,48
76 * 28,2128
76^2,5776
79 + 26,105
79 - 26,53
79 * 26,2054
79^2,6241
75 + 28,103
75 - 28,47
75 * 28,2100
75^2,5625
76 + 32,108
76 - 32,44
76 * 32,2432
76^2,5776
75 + 29,104
75 - 29,46
75 * 29,2175
75^2,5625
79 + 33,112
79 - 33,46
79 * 33,2607
79^2,6241
78 + 35,113
78 - 35,43
78 * 35,2730
78^2,6084
76 + 36,112
76 - 36,40
76 * 36,2736
76^2,5776
75 + 34,109
75 - 34,41
75 * 34,2550
75^2,5625
78 + 36,114
78 - 36,42
78 * 36,2808
78^2,6084
79 + 38,117
79 - 38,41
79 * 38,3002
79^2,6241
78 + 38,116
78 - 38,40
78 * 38,2964
78^2,6084
78 + 40,118
78 - 40,38
78 * 40,3120
78^2,6084
75 + 40,115
75 - 40,35
75 * 40,3000
75^2,5625
75 + 40,115
75 - 40,35
75 * 40,3000
75^2,5625
77 + 43,120
77 - 43,34
77 * 43,3311
77^2,5929
78 + 44,122
78 - 44,34
78 * 44,3432
78^2,6084
77 + 43,120
77 - 43,34
77 * 43,3311
77^2,5929
79 + 44,123
79 - 44,35
79 * 44,3476
79^2,6241
77 + 46,123
77 - 46,31
77 * 46,3542
77^2,5929
76 + 46,122
76 - 46,30
76 * 46,3496
76^2,5776
79 + 46,125
79 - 46,33
79 * 46,3634
79^2,6241
77 + 48,125
77 - 48,29
77 * 48,3696
77^2,5929
79 + 48,127
79 - 48,31
79 * 48,3792
79^2,6241
75 + 53,128
75 - 53,22
75 * 53,3975
75^2,5625
76 + 51,127
76 - 51,25
76 * 51,3876
76^2,5776
79 + 55,134
79 - 55,24
79 * 55,4345
79^2,6241
76 + 54,130
76 - 54,22
76 * 54,4104
76^2,5776
76 + 54,130
76 - 54,22
76 * 54,4104
76^2,5776
76 + 54,130
76 - 54,22
76 * 54,4104
76^2,5776
77 + 59,136
77 - 59,18
77 * 59,4543
77^2,5929
76 + 56,132
76 - 56,20
76 * 56,4256
76^2,5776
78 + 59,137
78 - 59,19
78 * 59,4602
78^2,6084
79 + 61,140
79 - 61,18
79 * 61,4819
79^2,6241
78 + 62,140
78 - 62,16
78 * 62,4836
78^2,6084
78 + 63,141
78 - 63,15
78 * 63,4914
78^2,6084
76 + 64,140
76 - 64,12
76 * 64,4864
76^2,5776
78 + 64,142
78 - 64,14
78 * 64,4992
78^2,6084
75 + 66,141
75 - 66,9
75 * 66,4950
75^2,5625
75 + 67,142
75 - 67,8
75 * 67,5025
75^2,5625
77 + 67,144
77 - 67,10
77 * 67,5159
77^2,5929
77 + 67,144
77 - 67,10
77 * 67,5159
77^2,5929
79 + 67,146
79 - 67,12
79 * 67,5293
79^2,6241
78 + 69,147
78 - 69,9
78 * 69,5382
78^2,6084
78 + 70,148
78 - 70,8
78 * 70,5460
78^2,6084
79 + 70,149
79 - 70,9
79 * 70,5530
79^2,6241
77 + 75,152
77 - 75,2
77 * 75,5775
77^2,5929
76 + 72,148
76 - 72,4
76 * 72,5472
76^2,5776
79 + 76,155
79 - 76,3
79 * 76,6004
79^2,6241
78 + 78,156
78 - 78,0
78 * 78,6084
78 / 78,1
78^2,6084
79 + 76,155
79 - 76,3
79 * 76,6004
79^2,6241
77 + 80,157
77 * 80,6160
77^2,5929
76 + 80,156
76 * 80,6080
76^2,5776
76 + 80,156
76 * 80,6080
76^2,5776
75 + 80,155
75 * 80,6000
75^2,5625
76 + 83,159
76 * 83,6308
76^2,5776
75 + 85,160
75 * 85,6375
75^2,5625
78 + 85,163
78 * 85,6630
78^2,6084
76 + 84,160
76 * 84,6384
76^2,5776
76 + 87,163
76 * 87,6612
76^2,5776
75 + 87,162
75 * 87,6525
75^2,5625
78 + 86,164
78 * 86,6708
78^2,6084
76 + 91,167
76 * 91,6916
76^2,5776
76 + 91,167
76 * 91,6916
76^2,5776
76 + 92,168
76 * 92,6992
76^2,5776
75 + 91,166
75 * 91,6825
75^2,5625
77 + 93,170
77 * 93,7161
77^2,5929
76 + 93,169
76 * 93,7068
76^2,5776
78 + 95,173
78 * 95,7410
78^2,6084
75 + 94,169
75 * 94,7050
75^2,5625
79 + 96,175
79 * 96,7584
79^2,6241
75 + 97,172
75 * 97,7275
75^2,5625
76 + 98,174
76 * 98,7448
76^2,5776
79 + 98,177
79 * 98,7742
79^2,6241
78 + 99,177
78 * 99,7722
78^2,6084
80 + 13,93
80 - 13,67
80 * 13,1040
80^2,6400
82 + 13,95
82 - 13,69
82 * 13,1066
82^2,6724
83 + 14,97
83 - 14,69
83 * 14,1162
83^2,6889
83 + 14,97
83 - 14,69
83 * 14,1162
83^2,6889
83 + 17,100
83 - 17,66
83 * 17,1411
83^2,6889
81 + 15,96
81 - 15,66
81 * 15,1215
81^2,6561
83 + 17,100
83 - 17,66
83 * 17,1411
83^2,6889
81 + 21,102
81 - 21,60
81 * 21,1701
81^2,6561
84 + 22,106
84 - 22,62
84 * 22,1848
84^2,7056
80 + 22,102
80 - 22,58
80 * 22,1760
80^2,6400
82 + 20,102
82 - 20,62
82 * 20,1640
82^2,6724
82 + 24,106
82 - 24,58
82 * 24,1968
82^2,6724
80 + 26,106
80 - 26,54
80 * 26,2080
80^2,6400
82 + 23,105
82 - 23,59
82 * 23,1886
82^2,6724
81 + 27,108
81 - 27,54
81 * 27,2187
81 / 27,3
81^2,6561
82 + 25,107
82 - 25,57
82 * 25,2050
82^2,6724
83 + 26,109
83 - 26,57
83 * 26,2158
83^2,6889
83 + 27,110
83 - 27,56
83 * 27,2241
83^2,6889
81 + 31,112
81 - 31,50
81 * 31,2511
81^2,6561
82 + 33,115
82 - 33,49
82 * 33,2706
82^2,6724
80 + 32,112
80 - 32,48
80 * 32,2560
80^2,6400
81 + 31,112
81 - 31,50
81 * 31,2511
81^2,6561
80 + 34,114
80 - 34,46
80 * 34,2720
80^2,6400
82 + 34,116
82 - 34,48
82 * 34,2788
82^2,6724
84 + 34,118
84 - 34,50
84 * 34,2856
84^2,7056
83 + 37,120
83 - 37,46
83 * 37,3071
83^2,6889
83 + 36,119
83 - 36,47
83 * 36,2988
83^2,6889
83 + 40,123
83 - 40,43
83 * 40,3320
83^2,6889
80 + 42,122
80 - 42,38
80 * 42,3360
80^2,6400
83 + 40,123
83 - 40,43
83 * 40,3320
83^2,6889
84 + 44,128
84 - 44,40
84 * 44,3696
84^2,7056
84 + 45,129
84 - 45,39
84 * 45,3780
84^2,7056
83 + 44,127
83 - 44,39
83 * 44,3652
83^2,6889
84 + 43,127
84 - 43,41
84 * 43,3612
84^2,7056
83 + 45,128
83 - 45,38
83 * 45,3735
83^2,6889
82 + 46,128
82 - 46,36
82 * 46,3772
82^2,6724
80 + 46,126
80 - 46,34
80 * 46,3680
80^2,6400
81 + 47,128
81 - 47,34
81 * 47,3807
81^2,6561
84 + 48,132
84 - 48,36
84 * 48,4032
84^2,7056
84 + 53,137
84 - 53,31
84 * 53,4452
84^2,7056
84 + 51,135
84 - 51,33
84 * 51,4284
84^2,7056
80 + 52,132
80 - 52,28
80 * 52,4160
80^2,6400
80 + 53,133
80 - 53,27
80 * 53,4240
80^2,6400
83 + 55,138
83 - 55,28
83 * 55,4565
83^2,6889
82 + 55,137
82 - 55,27
82 * 55,4510
82^2,6724
80 + 56,136
80 - 56,24
80 * 56,4480
80^2,6400
80 + 57,137
80 - 57,23
80 * 57,4560
80^2,6400
80 + 60,140
80 - 60,20
80 * 60,4800
80^2,6400
80 + 58,138
80 - 58,22
80 * 58,4640
80^2,6400
83 + 63,146
83 - 63,20
83 * 63,5229
83^2,6889
82 + 61,143
82 - 61,21
82 * 61,5002
82^2,6724
81 + 65,146
81 - 65,16
81 * 65,5265
81^2,6561
80 + 62,142
80 - 62,18
80 * 62,4960
80^2,6400
83 + 63,146
83 - 63,20
83 * 63,5229
83^2,6889
80 + 64,144
80 - 64,16
80 * 64,5120
80^2,6400
84 + 68,152
84 - 68,16
84 * 68,5712
84^2,7056
84 + 68,152
84 - 68,16
84 * 68,5712
84^2,7056
84 + 70,154
84 - 70,14
84 * 70,5880
84^2,7056
83 + 72,155
83 - 72,11
83 * 72,5976
83^2,6889
81 + 72,153
81 - 72,9
81 * 72,5832
81^2,6561
83 + 72,155
83 - 72,11
83 * 72,5976
83^2,6889
83 + 74,157
83 - 74,9
83 * 74,6142
83^2,6889
82 + 76,158
82 - 76,6
82 * 76,6232
82^2,6724
81 + 75,156
81 - 75,6
81 * 75,6075
81^2,6561
81 + 75,156
81 - 75,6
81 * 75,6075
81^2,6561
83 + 77,160
83 - 77,6
83 * 77,6391
83^2,6889
80 + 78,158
80 - 78,2
80 * 78,6240
80^2,6400
84 + 80,164
84 - 80,4
84 * 80,6720
84^2,7056
81 + 81,162
81 - 81,0
81 * 81,6561
81 / 81,1
81^2,6561
80 + 81,161
80 * 81,6480
80^2,6400
80 + 80,160
80 - 80,0
80 * 80,6400
80 / 80,1
80^2,6400
83 + 84,167
83 * 84,6972
83^2,6889
80 + 86,166
80 * 86,6880
80^2,6400
84 + 83,167
84 - 83,1
84 * 83,6972
84^2,7056
82 + 86,168
82 * 86,7052
82^2,6724
80 + 87,167
80 * 87,6960
80^2,6400
83 + 86,169
83 * 86,7138
83^2,6889
80 + 91,171
80 * 91,7280
80^2,6400
81 + 88,169
81 * 88,7128
81^2,6561
84 + 93,177
84 * 93,7812
84^2,7056
82 + 94,176
82 * 94,7708
82^2,6724
83 + 93,176
83 * 93,7719
83^2,6889
80 + 93,173
80 * 93,7440
80^2,6400
82 + 96,178
82 * 96,7872
82^2,6724
81 + 94,175
81 * 94,7614
81^2,6561
80 + 99,179
80 * 99,7920
80^2,6400
81 + 100,181
81 * 100,8100
81^2,6561
81 + 99,180
81 * 99,8019
81^2,6561
81 + 101,182
81 * 101,8181
81^2,6561
83 + 99,182
83 * 99,8217
83^2,6889
88 + 13,101
88 - 13,75
88 * 13,1144
88^2,7744
89 + 11,100
89 - 11,78
89 * 11,979
89^2,7921
86 + 14,100
86 - 14,72
86 * 14,1204
86^2,7396
86 + 14,100
86 - 14,72
86 * 14,1204
86^2,7396
87 + 18,105
87 - 18,69
87 * 18,1566
87^2,7569
87 + 18,105
87 - 18,69
87 * 18,1566
87^2,7569
87 + 19,106
87 - 19,68
87 * 19,1653
87^2,7569
85 + 19,104
85 - 19,66
85 * 19,1615
85^2,7225
85 + 19,104
85 - 19,66
85 * 19,1615
85^2,7225
85 + 20,105
85 - 20,65
85 * 20,1700
85^2,7225
89 + 24,113
89 - 24,65
89 * 24,2136
89^2,7921
89 + 24,113
89 - 24,65
89 * 24,2136
89^2,7921
85 + 25,110
85 - 25,60
85 * 25,2125
85^2,7225
87 + 23,110
87 - 23,64
87 * 23,2001
87^2,7569
86 + 28,114
86 - 28,58
86 * 28,2408
86^2,7396
86 + 26,112
86 - 26,60
86 * 26,2236
86^2,7396
89 + 27,116
89 - 27,62
89 * 27,2403
89^2,7921
86 + 30,116
86 - 30,56
86 * 30,2580
86^2,7396
88 + 29,117
88 - 29,59
88 * 29,2552
88^2,7744
89 + 31,120
89 - 31,58
89 * 31,2759
89^2,7921
89 + 31,120
89 - 31,58
89 * 31,2759
89^2,7921
85 + 35,120
85 - 35,50
85 * 35,2975
85^2,7225
87 + 35,122
87 - 35,52
87 * 35,3045
87^2,7569
87 + 36,123
87 - 36,51
87 * 36,3132
87^2,7569
86 + 38,124
86 - 38,48
86 * 38,3268
86^2,7396
88 + 39,127
88 - 39,49
88 * 39,3432
88^2,7744
89 + 36,125
89 - 36,53
89 * 36,3204
89^2,7921
85 + 39,124
85 - 39,46
85 * 39,3315
85^2,7225
85 + 38,123
85 - 38,47
85 * 38,3230
85^2,7225
88 + 43,131
88 - 43,45
88 * 43,3784
88^2,7744
88 + 40,128
88 - 40,48
88 * 40,3520
88^2,7744
85 + 41,126
85 - 41,44
85 * 41,3485
85^2,7225
85 + 43,128
85 - 43,42
85 * 43,3655
85^2,7225
88 + 44,132
88 - 44,44
88 * 44,3872
88 / 44,2
88^2,7744
86 + 47,133
86 - 47,39
86 * 47,4042
86^2,7396
86 + 46,132
86 - 46,40
86 * 46,3956
86^2,7396
86 + 49,135
86 - 49,37
86 * 49,4214
86^2,7396
85 + 47,132
85 - 47,38
85 * 47,3995
85^2,7225
85 + 52,137
85 - 52,33
85 * 52,4420
85^2,7225
86 + 49,135
86 - 49,37
86 * 49,4214
86^2,7396
87 + 52,139
87 - 52,35
87 * 52,4524
87^2,7569
86 + 52,138
86 - 52,34
86 * 52,4472
86^2,7396
85 + 53,138
85 - 53,32
85 * 53,4505
85^2,7225
89 + 57,146
89 - 57,32
89 * 57,5073
89^2,7921
85 + 56,141
85 - 56,29
85 * 56,4760
85^2,7225
89 + 59,148
89 - 59,30
89 * 59,5251
89^2,7921
87 + 59,146
87 - 59,28
87 * 59,5133
87^2,7569
85 + 59,144
85 - 59,26
85 * 59,5015
85^2,7225
85 + 60,145
85 - 60,25
85 * 60,5100
85^2,7225
87 + 60,147
87 - 60,27
87 * 60,5220
87^2,7569
86 + 64,150
86 - 64,22
86 * 64,5504
86^2,7396
87 + 61,148
87 - 61,26
87 * 61,5307
87^2,7569
86 + 65,151
86 - 65,21
86 * 65,5590
86^2,7396
88 + 64,152
88 - 64,24
88 * 64,5632
88^2,7744
88 + 65,153
88 - 65,23
88 * 65,5720
88^2,7744
86 + 68,154
86 - 68,18
86 * 68,5848
86^2,7396
85 + 70,155
85 - 70,15
85 * 70,5950
85^2,7225
86 + 71,157
86 - 71,15
86 * 71,6106
86^2,7396
86 + 71,157
86 - 71,15
86 * 71,6106
86^2,7396
85 + 70,155
85 - 70,15
85 * 70,5950
85^2,7225
86 + 70,156
86 - 70,16
86 * 70,6020
86^2,7396
85 + 74,159
85 - 74,11
85 * 74,6290
85^2,7225
85 + 73,158
85 - 73,12
85 * 73,6205
85^2,7225
87 + 77,164
87 - 77,10
87 * 77,6699
87^2,7569
86 + 74,160
86 - 74,12
86 * 74,6364
86^2,7396
88 + 76,164
88 - 76,12
88 * 76,6688
88^2,7744
88 + 80,168
88 - 80,8
88 * 80,7040
88^2,7744
89 + 81,170
89 - 81,8
89 * 81,7209
89^2,7921
88 + 82,170
88 - 82,6
88 * 82,7216
88^2,7744
86 + 80,166
86 - 80,6
86 * 80,6880
86^2,7396
88 + 83,171
88 - 83,5
88 * 83,7304
88^2,7744
88 + 84,172
88 - 84,4
88 * 84,7392
88^2,7744
89 + 86,175
89 - 86,3
89 * 86,7654
89^2,7921
85 + 83,168
85 - 83,2
85 * 83,7055
85^2,7225
85 + 86,171
85 * 86,7310
85^2,7225
87 + 86,173
87 - 86,1
87 * 86,7482
87^2,7569
86 + 90,176
86 * 90,7740
86^2,7396
88 + 91,179
88 * 91,8008
88^2,7744
87 + 91,178
87 * 91,7917
87^2,7569
88 + 93,181
88 * 93,8184
88^2,7744
85 + 94,179
85 * 94,7990
85^2,7225
88 + 95,183
88 * 95,8360
88^2,7744
89 + 94,183
89 * 94,8366
89^2,7921
87 + 95,182
87 * 95,8265
87^2,7569
85 + 95,180
85 * 95,8075
85^2,7225
87 + 95,182
87 * 95,8265
87^2,7569
89 + 100,189
89 * 100,8900
89^2,7921
85 + 98,183
85 * 98,8330
85^2,7225
85 + 102,187
85 * 102,8670
85^2,7225
87 + 99,186
87 * 99,8613
87^2,7569
94 + 14,108
94 - 14,80
94 * 14,1316
94^2,8836
91 + 15,106
91 - 15,76
91 * 15,1365
91^2,8281
92 + 15,107
92 - 15,77
92 * 15,1380
92^2,8464
93 + 15,108
93 - 15,78
93 * 15,1395
93^2,8649
92 + 15,107
92 - 15,77
92 * 15,1380
92^2,8464
92 + 17,109
92 - 17,75
92 * 17,1564
92^2,8464
94 + 17,111
94 - 17,77
94 * 17,1598
94^2,8836
92 + 17,109
92 - 17,75
92 * 17,1564
92^2,8464
90 + 21,111
90 - 21,69
90 * 21,1890
90^2,8100
93 + 23,116
93 - 23,70
93 * 23,2139
93^2,8649
93 + 21,114
93 - 21,72
93 * 21,1953
93^2,8649
90 + 22,112
90 - 22,68
90 * 22,1980
90^2,8100
94 + 22,116
94 - 22,72
94 * 22,2068
94^2,8836
94 + 26,120
94 - 26,68
94 * 26,2444
94^2,8836
91 + 27,118
91 - 27,64
91 * 27,2457
91^2,8281
91 + 28,119
91 - 28,63
91 * 28,2548
91^2,8281
91 + 26,117
91 - 26,65
91 * 26,2366
91^2,8281
90 + 28,118
90 - 28,62
90 * 28,2520
90^2,8100
91 + 28,119
91 - 28,63
91 * 28,2548
91^2,8281
92 + 29,121
92 - 29,63
92 * 29,2668
92^2,8464
94 + 32,126
94 - 32,62
94 * 32,3008
94^2,8836
94 + 34,128
94 - 34,60
94 * 34,3196
94^2,8836
92 + 36,128
92 - 36,56
92 * 36,3312
92^2,8464
91 + 35,126
91 - 35,56
91 * 35,3185
91^2,8281
93 + 34,127
93 - 34,59
93 * 34,3162
93^2,8649
93 + 39,132
93 - 39,54
93 * 39,3627
93^2,8649
90 + 37,127
90 - 37,53
90 * 37,3330
90^2,8100
90 + 41,131
90 - 41,49
90 * 41,3690
90^2,8100
94 + 38,132
94 - 38,56
94 * 38,3572
94^2,8836
92 + 41,133
92 - 41,51
92 * 41,3772
92^2,8464
91 + 43,134
91 - 43,48
91 * 43,3913
91^2,8281
91 + 41,132
91 - 41,50
91 * 41,3731
91^2,8281
93 + 46,139
93 - 46,47
93 * 46,4278
93^2,8649
90 + 44,134
90 - 44,46
90 * 44,3960
90^2,8100
93 + 48,141
93 - 48,45
93 * 48,4464
93^2,8649
90 + 47,137
90 - 47,43
90 * 47,4230
90^2,8100
90 + 49,139
90 - 49,41
90 * 49,4410
90^2,8100
90 + 47,137
90 - 47,43
90 * 47,4230
90^2,8100
94 + 51,145
94 - 51,43
94 * 51,4794
94^2,8836
93 + 50,143
93 - 50,43
93 * 50,4650
93^2,8649
93 + 53,146
93 - 53,40
93 * 53,4929
93^2,8649
94 + 52,146
94 - 52,42
94 * 52,4888
94^2,8836
93 + 52,145
93 - 52,41
93 * 52,4836
93^2,8649
91 + 57,148
91 - 57,34
91 * 57,5187
91^2,8281
90 + 56,146
90 - 56,34
90 * 56,5040
90^2,8100
91 + 57,148
91 - 57,34
91 * 57,5187
91^2,8281
91 + 58,149
91 - 58,33
91 * 58,5278
91^2,8281
91 + 57,148
91 - 57,34
91 * 57,5187
91^2,8281
91 + 62,153
91 - 62,29
91 * 62,5642
91^2,8281
92 + 62,154
92 - 62,30
92 * 62,5704
92^2,8464
91 + 63,154
91 - 63,28
91 * 63,5733
91^2,8281
92 + 64,156
92 - 64,28
92 * 64,5888
92^2,8464
93 + 64,157
93 - 64,29
93 * 64,5952
93^2,8649
91 + 64,155
91 - 64,27
91 * 64,5824
91^2,8281
93 + 65,158
93 - 65,28
93 * 65,6045
93^2,8649
92 + 66,158
92 - 66,26
92 * 66,6072
92^2,8464
91 + 69,160
91 - 69,22
91 * 69,6279
91^2,8281
93 + 69,162
93 - 69,24
93 * 69,6417
93^2,8649
93 + 72,165
93 - 72,21
93 * 72,6696
93^2,8649
91 + 71,162
91 - 71,20
91 * 71,6461
91^2,8281
93 + 74,167
93 - 74,19
93 * 74,6882
93^2,8649
94 + 74,168
94 - 74,20
94 * 74,6956
94^2,8836
92 + 72,164
92 - 72,20
92 * 72,6624
92^2,8464
90 + 75,165
90 - 75,15
90 * 75,6750
90^2,8100
91 + 77,168
91 - 77,14
91 * 77,7007
91^2,8281
92 + 76,168
92 - 76,16
92 * 76,6992
92^2,8464
92 + 78,170
92 - 78,14
92 * 78,7176
92^2,8464
93 + 79,172
93 - 79,14
93 * 79,7347
93^2,8649
94 + 79,173
94 - 79,15
94 * 79,7426
94^2,8836
92 + 82,174
92 - 82,10
92 * 82,7544
92^2,8464
91 + 84,175
91 - 84,7
91 * 84,7644
91^2,8281
92 + 81,173
92 - 81,11
92 * 81,7452
92^2,8464
92 + 84,176
92 - 84,8
92 * 84,7728
92^2,8464
93 + 86,179
93 - 86,7
93 * 86,7998
93^2,8649
92 + 87,179
92 - 87,5
92 * 87,8004
92^2,8464
91 + 86,177
91 - 86,5
91 * 86,7826
91^2,8281
93 + 89,182
93 - 89,4
93 * 89,8277
93^2,8649
94 + 89,183
94 - 89,5
94 * 89,8366
94^2,8836
90 + 90,180
90 - 90,0
90 * 90,8100
90 / 90,1
90^2,8100
93 + 91,184
93 - 91,2
93 * 91,8463
93^2,8649
92 + 92,184
92 - 92,0
92 * 92,8464
92 / 92,1
92^2,8464
90 + 94,184
90 * 94,8460
90^2,8100
91 + 93,184
91 * 93,8463
91^2,8281
90 + 96,186
90 * 96,8640
90^2,8100
94 + 94,188
94 - 94,0
94 * 94,8836
94 / 94,1
94^2,8836
90 + 99,189
90 * 99,8910
90^2,8100
90 + 99,189
90 * 99,8910
90^2,8100
90 + 97,187
90 * 97,8730
90^2,8100
94 + 102,196
94 * 102,9588
94^2,8836
90 + 100,190
90 * 100,9000
90^2,8100
95 + 14,109
95 - 14,81
95 * 14,1330
95^2,9025
98 + 14,112
98 - 14,84
98 * 14,1372
98 / 14,7
98^2,9604
95 + 15,110
95 - 15,80
95 * 15,1425
95^2,9025
97 + 13,110
97 - 13,84
97 * 13,1261
97^2,9409
97 + 17,114
97 - 17,80
97 * 17,1649
97^2,9409
99 + 16,115
99 - 16,83
99 * 16,1584
99^2,9801
97 + 20,117
97 - 20,77
97 * 20,1940
97^2,9409
98 + 18,116
98 - 18,80
98 * 18,1764
98^2,9604
99 + 21,120
99 - 21,78
99 * 21,2079
99^2,9801
95 + 22,117
95 - 22,73
95 * 22,2090
95^2,9025
95 + 20,115
95 - 20,75
95 * 20,1900
95^2,9025
96 + 22,118
96 - 22,74
96 * 22,2112
96^2,9216
97 + 26,123
97 - 26,71
97 * 26,2522
97^2,9409
95 + 23,118
95 - 23,72
95 * 23,2185
95^2,9025
97 + 26,123
97 - 26,71
97 * 26,2522
97^2,9409
96 + 25,121
96 - 25,71
96 * 25,2400
96^2,9216
99 + 29,128
99 - 29,70
99 * 29,2871
99^2,9801
98 + 30,128
98 - 30,68
98 * 30,2940
98^2,9604
97 + 31,128
97 - 31,66
97 * 31,3007
97^2,9409
96 + 29,125
96 - 29,67
96 * 29,2784
96^2,9216
95 + 34,129
95 - 34,61
95 * 34,3230
95^2,9025
95 + 35,130
95 - 35,60
95 * 35,3325
95^2,9025
95 + 36,131
95 - 36,59
95 * 36,3420
95^2,9025
99 + 33,132
99 - 33,66
99 * 33,3267
99 / 33,3
99^2,9801
97 + 36,133
97 - 36,61
97 * 36,3492
97^2,9409
97 + 39,136
97 - 39,58
97 * 39,3783
97^2,9409
98 + 40,138
98 - 40,58
98 * 40,3920
98^2,9604
99 + 38,137
99 - 38,61
99 * 38,3762
99^2,9801
99 + 38,137
99 - 38,61
99 * 38,3762
99^2,9801
99 + 42,141
99 - 42,57
99 * 42,4158
99^2,9801
98 + 41,139
98 - 41,57
98 * 41,4018
98^2,9604
99 + 41,140
99 - 41,58
99 * 41,4059
99^2,9801
98 + 43,141
98 - 43,55
98 * 43,4214
98^2,9604
97 + 46,143
97 - 46,51
97 * 46,4462
97^2,9409
97 + 47,144
97 - 47,50
97 * 47,4559
97^2,9409
97 + 45,142
97 - 45,52
97 * 45,4365
97^2,9409
98 + 49,147
98 - 49,49
98 * 49,4802
98 / 49,2
98^2,9604
98 + 50,148
98 - 50,48
98 * 50,4900
98^2,9604
98 + 52,150
98 - 52,46
98 * 52,5096
98^2,9604
95 + 52,147
95 - 52,43
95 * 52,4940
95^2,9025
99 + 54,153
99 - 54,45
99 * 54,5346
99^2,9801
97 + 51,148
97 - 51,46
97 * 51,4947
97^2,9409
96 + 52,148
96 - 52,44
96 * 52,4992
96^2,9216
95 + 55,150
95 - 55,40
95 * 55,5225
95^2,9025
95 + 56,151
95 - 56,39
95 * 56,5320
95^2,9025
97 + 56,153
97 - 56,41
97 * 56,5432
97^2,9409
95 + 57,152
95 - 57,38
95 * 57,5415
95^2,9025
97 + 61,158
97 - 61,36
97 * 61,5917
97^2,9409
97 + 59,156
97 - 59,38
97 * 59,5723
97^2,9409
98 + 62,160
98 - 62,36
98 * 62,6076
98^2,9604
97 + 63,160
97 - 63,34
97 * 63,6111
97^2,9409
97 + 61,158
97 - 61,36
97 * 61,5917
97^2,9409
95 + 65,160
95 - 65,30
95 * 65,6175
95^2,9025
96 + 66,162
96 - 66,30
96 * 66,6336
96^2,9216
97 + 64,161
97 - 64,33
97 * 64,6208
97^2,9409
98 + 66,164
98 - 66,32
98 * 66,6468
98^2,9604
95 + 67,162
95 - 67,28
95 * 67,6365
95^2,9025
96 + 68,164
96 - 68,28
96 * 68,6528
96^2,9216
97 + 70,167
97 - 70,27
97 * 70,6790
97^2,9409
96 + 69,165
96 - 69,27
96 * 69,6624
96^2,9216
96 + 71,167
96 - 71,25
96 * 71,6816
96^2,9216
99 + 73,172
99 - 73,26
99 * 73,7227
99^2,9801
97 + 73,170
97 - 73,24
97 * 73,7081
97^2,9409
97 + 73,170
97 - 73,24
97 * 73,7081
97^2,9409
98 + 74,172
98 - 74,24
98 * 74,7252
98^2,9604
96 + 79,175
96 - 79,17
96 * 79,7584
96^2,9216
96 + 76,172
96 - 76,20
96 * 76,7296
96^2,9216
99 + 77,176
99 - 77,22
99 * 77,7623
99^2,9801
97 + 79,176
97 - 79,18
97 * 79,7663
97^2,9409
98 + 81,179
98 - 81,17
98 * 81,7938
98^2,9604
96 + 81,177
96 - 81,15
96 * 81,7776
96^2,9216
98 + 82,180
98 - 82,16
98 * 82,8036
98^2,9604
99 + 86,185
99 - 86,13
99 * 86,8514
99^2,9801
99 + 83,182
99 - 83,16
99 * 83,8217
99^2,9801
98 + 87,185
98 - 87,11
98 * 87,8526
98^2,9604
99 + 88,187
99 - 88,11
99 * 88,8712
99^2,9801
96 + 86,182
96 - 86,10
96 * 86,8256
96^2,9216
95 + 88,183
95 - 88,7
95 * 88,8360
95^2,9025
95 + 88,183
95 - 88,7
95 * 88,8360
95^2,9025
96 + 91,187
96 - 91,5
96 * 91,8736
96^2,9216
98 + 92,190
98 - 92,6
98 * 92,9016
98^2,9604
97 + 93,190
97 - 93,4
97 * 93,9021
97^2,9409
97 + 93,190
97 - 93,4
97 * 93,9021
97^2,9409
95 + 93,188
95 - 93,2
95 * 93,8835
95^2,9025
95 + 94,189
95 - 94,1
95 * 94,8930
95^2,9025
95 + 96,191
95 * 96,9120
95^2,9025
95 + 96,191
95 * 96,9120
95^2,9025
98 + 100,198
98 * 100,9800
98^2,9604
97 + 101,198
97 * 101,9797
97^2,9409
97 + 99,196
97 * 99,9603
97^2,9409
(68 + 73) * 38,5358
(30 + 16) * 35,1610
(12 + 82) * 68,6392
(86 + 64) * 74,11100
(35 + 82) * 58,6786
(97 + 53) * 32,4800
(98 + 33) * 73,9563
(70 + 22) * 74,6808
(81 + 5) * 24,2064
(29 + 56) * 83,7055
(30 + 93) * 31,3813
(96 + 33) * 26,3354
(42 + 75) * 6,702
(73 + 2) * 93,6975
(53 + 60) * 4,452
(49 + 42) * 11,1001
(6 + 84) * 82,7380
(59 + 92) * 62,9362
(83 + 59) * 56,7952
(69 + 57) * 69,8694
(89 + 11) * 24,2400
(75 + 5) * 79,6320
(12 + 98) * 46,5060
(55 + 22) * 70,5390
(89 + 89) * 90,16020
(85 + 51) * 49,6664
(42 + 92) * 97,12998
(56 + 91) * 45,6615
(67 + 19) * 20,1720
(52 + 17) * 76,5244
(6 + 46) * 20,1040
(65 + 52) * 36,4212
(45 + 65) * 78,8580
(43 + 53) * 83,7968
(12 + 17) * 59,1711
(18 + 37) * 25,1375
(4 + 41) * 36,1620
(99 + 68) * 99,16533
(56 + 47) * 73,7519
(20 + 1) * 48,1008
(40 + 72) * 66,7392
(48 + 69) * 2,234
(66 + 43) * 47,5123
(69 + 91) * 42,6720
(15 + 33) * 46,2208
(46 + 6) * 10,520
(87 + 19) * 99,10494
(92 + 62) * 39,6006
(99 + 7) * 6,636
(66 + 17) * 22,1826
(80 + 17) * 77,7469
(87 + 68) * 1,155
(89 + 55) * 10,1440
(17 + 55) * 31,2232
(51 + 84) * 64,8640
(81 + 88) * 33,5577
(28 + 17) * 88,3960
(32 + 9) * 75,3075
(59 + 72) * 45,5895
(91 + 17) * 99,10692
(93 + 22) * 8,920
(54 + 18) * 51,3672
(67 + 32) * 22,2178
(35 + 89) * 14,1736
(9 + 64) * 37,2701
(78 + 94) * 36,6192
(81 + 35) * 53,6148
(50 + 62) * 77,8624
(41 + 18) * 8,472
(78 + 22) * 23,2300
(72 + 18) * 85,7650
(9 + 38) * 39,1833
(75 + 46) * 68,8228
(14 + 94) * 95,10260
(79 + 39) * 53,6254
(34 + 72) * 23,2438
(76 + 73) * 10,1490
(9 + 28) * 68,2516
(47 + 97) * 78,11232
(29 + 99) * 82,10496
(52 + 43) * 85,8075
(80 + 45) * 16,2000
(38 + 69) * 50,5350
(5 + 48) * 15,795
(69 + 13) * 5,410
(75 + 18) * 98,9114
(69 + 35) * 52,5408
(51 + 52) * 33,3399
(29 + 13) * 38,1596
(58 + 61) * 60,7140
(99 + 23) * 93,11346
(52 + 34) * 70,6020
(34 + 50) * 40,3360
(14 + 6) * 45,900
(98 + 61) * 78,12402
(15 + 21) * 87,3132
(10 + 46) * 38,2128
(6 + 45) * 60,3060
(13 + 51) * 95,6080
(3 + 30) * 80,2640
(30 + 45) * 97,7275
(36 + 68) * 15,1560
(97 + 37) * 64,8576
(72 + 68) * 39,5460
(18 + 55) * 22,1606
(66 + 14) * 66,5280
(6 + 27) * 63,2079
(77 + 62) * 32,4448
(68 + 42) * 84,9240
(40 + 77) * 55,6435
(4 + 91) * 28,2660
(19 + 78) * 25,2425
(52 + 45) * 28,2716
(41 + 54) * 67,6365
(20 + 50) * 59,4130
(97 + 81) * 78,13884
(48 + 24) * 84,6048
(12 + 46) * 84,4872
(87 + 32) * 78,9282
(20 + 23) * 83,3569
(85 + 26) * 43,4773
(29 + 34) * 39,2457
(11 + 20) * 99,3069
(99 + 43) * 53,7526
(87 + 12) * 30,2970
(53 + 66) * 95,11305
(77 + 89) * 40,6640
(91 + 17) * 41,4428
(86 + 61) * 12,1764
(73 + 44) * 9,1053
(28 + 27) * 73,4015
(94 + 15) * 48,5232
(21 + 80) * 51,5151
(28 + 65) * 17,1581
(32 + 60) * 87,8004
(72 + 25) * 79,7663
(6 + 82) * 76,6688
(10 + 26) * 96,3456
(56 + 41) * 83,8051
(10 + 22) * 68,2176
(83 + 52) * 30,4050
(36 + 85) * 33,3993
(71 + 14) * 9,765
(37 + 92) * 52,6708
(6 + 1) * 1,7
(72 + 25) * 29,2813
(8 + 26) * 89,3026
(81 + 73) * 14,2156
(41 + 80) * 72,8712
(15 + 80) * 51,4845
(99 + 47) * 18,2628
(67 + 91) * 31,4898
(5 + 47) * 80,4160
(63 + 84) * 42,6174
(61 + 29) * 95,8550
(7 + 13) * 13,260
(85 + 14) * 38,3762
(6 + 9) * 55,825
(22 + 22) * 76,3344
(27 + 24) * 50,2550
(22 + 65) * 73,6351
(97 + 98) * 27,5265
(8 + 37) * 78,3510
(76 + 6) * 65,5330
(77 + 5) * 79,6478
(88 + 44) * 46,6072
(97 + 44) * 21,2961
(72 + 96) * 59,9912
(15 + 27) * 91,3822
(12 + 73) * 22,1870
(74 + 51) * 14,1750
(73 + 24) * 47,4559
(52 + 23) * 89,6675
(47 + 73) * 18,2160
(82 + 56) * 51,7038
(54 + 65) * 49,5831
(68 + 56) * 55,6820
(7 + 91) * 50,4900
(16 + 13) * 21,609
(12 + 3) * 25,375
(69 + 15) * 96,8064
(76 + 80) * 2,312
(50 + 69) * 75,8925
(52 + 17) * 60,4140
(67 + 8) * 17,1275
(26 + 50) * 21,1596
(40 + 48) * 74,6512
(74 + 72) * 77,11242
(99 + 70) * 63,10647
(36 + 86) * 27,3294
(49 + 37) * 47,4042
(22 + 60) * 98,8036
(79 + 98) * 57,10089
(41 + 36) * 1,77
(35 + 19) * 95,5130
(8 + 4) * 9,108
(76 + 3) * 29,2291
(50 + 39) * 51,4539
(5 + 16) * 50,1050
(79 + 17) * 52,4992
(18 + 38) * 41,2296
(50 + 27) * 87,6699
(44 + 97) * 8,1128
(37 + 47) * 49,4116
(56 + 4) * 89,5340
(42 + 43) * 84,7140
(89 + 1) * 38,3420
(16 + 73) * 96,8544
(58 + 27) * 3,255
(75 + 26) * 64,6464
(62 + 78) * 60,8400
(6 + 43) * 11,539
(82 + 33) * 96,11040
(12 + 72) * 16,1344
(1 + 81) * 39,3198
(31 + 1) * 83,2656
(80 + 52) * 30,3960
(58 + 10) * 80,5440
(83 + 91) * 1,174
(47 + 19) * 43,2838
(12 + 70) * 43,3526
(2 + 18) * 55,1100
(18 + 17) * 15,525
(79 + 76) * 24,3720
(69 + 48) * 52,6084
(98 + 95) * 26,5018
(34 + 62) * 25,2400
(92 + 13) * 74,7770
(77 + 63) * 38,5320
(4 + 45) * 13,637
(42 + 34) * 47,3572
(25 + 44) * 77,5313
(82 + 28) * 19,2090
(25 + 92) * 47,5499
(31 + 9) * 80,3200
(45 + 58) * 38,3914
(38 + 78) * 26,3016
(81 + 84) * 27,4455
(3 + 25) * 69,1932
(16 + 30) * 64,2944
(32 + 69) * 77,7777
(4 + 16) * 18,360
(63 + 72) * 18,2430
(68 + 83) * 39,5889
(46 + 66) * 84,9408
(16 + 83) * 98,9702
(68 + 85) * 63,9639
(31 + 80) * 92,10212
(51 + 77) * 97,12416
(5 + 59) * 7,448
(72 + 48) * 11,1320
(88 + 32) * 99,11880
(28 + 56) * 37,3108
(64 + 65) * 84,10836
(78 + 12) * 11,990
(22 + 24) * 69,3174
(35 + 8) * 56,2408
(40 + 73) * 19,2147
(7 + 64) * 48,3408
(40 + 12) * 51,2652
(28 + 66) * 8,752
(89 + 80) * 32,5408
(22 + 21) * 95,4085
(17 + 91) * 21,2268
(7 + 70) * 20,1540
(29 + 43) * 28,2016
(4 + 66) * 7,490
(98 + 51) * 2,298
(42 + 88) * 2,260
(61 + 26) * 67,5829
(50 + 71) * 84,10164
(23 + 85) * 44,4752
(78 + 27) * 28,2940
(61 + 55) * 76,8816
(8 + 4) * 70,840
(59 + 14) * 22,1606
(50 + 46) * 28,2688
(18 + 38) * 41,2296
(59 + 48) * 51,5457
(86 + 18) * 35,3640
(95 + 93) * 23,4324
(65 + 1) * 43,2838
(92 + 10) * 51,5202
(73 + 1) * 18,1332
(58 + 15) * 63,4599
(20 + 40) * 3,180
(11 + 83) * 37,3478
(90 + 81) * 64,10944
(40 + 68) * 40,4320
(23 + 67) * 71,6390
(96 + 28) * 21,2604
(71 + 52) * 47,5781
(86 + 27) * 54,6102
(38 + 30) * 4,272
(53 + 23) * 56,4256
(98 + 81) * 81,14499
(23 + 51) * 30,2220
(75 + 57) * 53,6996
(25 + 97) * 30,3660
(99 + 74) * 65,11245
(33 + 27) * 97,5820
(91 + 54) * 21,3045
(15 + 35) * 7,350
(45 + 30) * 87,6525
(54 + 85) * 15,2085
(63 + 77) * 48,6720
(47 + 5) * 12,624
(42 + 29) * 81,5751
(83 + 15) * 31,3038
(66 + 66) * 13,1716
(47 + 97) * 39,5616
(54 + 57) * 86,9546
(68 + 93) * 42,6762
(93 + 83) * 79,13904
(17 + 1) * 24,432
(79 + 86) * 53,8745
(45 + 79) * 46,5704
(64 + 55) * 90,10710
(95 + 21) * 9,1044
(17 + 68) * 68,5780
(38 + 6) * 11,484
(73 + 84) * 65,10205
(28 + 74) * 80,8160
(24 + 7) * 49,1519
(80 + 48) * 44,5632
(40 + 5) * 69,3105
(29 + 83) * 36,4032
(42 + 56) * 56,5488
(25 + 43) * 64,4352
(63 + 57) * 20,2400
(55 + 55) * 28,3080
(19 + 30) * 60,2940
(64 + 9) * 67,4891
(90 + 39) * 27,3483
(8 + 11) * 70,1330
(10 + 87) * 8,776
(4 + 71) * 10,750
(9 + 97) * 72,7632
(15 + 40) * 44,2420
(67 + 66) * 97,12901
(67 + 96) * 45,7335
(10 + 54) * 74,4736
(69 + 34) * 60,6180
(24 + 82) * 2,212
(43 + 60) * 53,5459
(9 + 79) * 79,6952
(84 + 23) * 43,4601
(40 + 16) * 57,3192
(54 + 99) * 71,10863
(42 + 31) * 85,6205
(63 + 60) * 84,10332
(96 + 19) * 54,6210
(1 + 37) * 96,3648
(24 + 23) * 98,4606
(39 + 46) * 84,7140
(55 + 82) * 12,1644
(55 + 64) * 7,833
(1 + 77) * 51,3978
(66 + 57) * 23,2829
(17 + 72) * 14,1246
(91 + 32) * 47,5781
(87 + 29) * 47,5452
(14 + 23) * 33,1221
(5 + 66) * 21,1491
(17 + 99) * 83,9628
(20 + 45) * 76,4940
(76 + 82) * 71,11218
(38 + 83) * 49,5929
(48 + 22) * 41,2870
(20 + 30) * 2,100
(15 + 49) * 70,4480
(56 + 96) * 92,13984
(68 + 31) * 1,99
(41 + 36) * 77,5929
(18 + 90) * 29,3132
(53 + 18) * 89,6319
(76 + 69) * 74,10730
(35 + 6) * 44,1804
(98 + 19) * 48,5616
(46 + 76) * 12,1464
(87 + 81) * 94,15792
(63 + 22) * 18,1530
(15 + 28) * 66,2838
(84 + 7) * 51,4641
(11 + 30) * 45,1845
(34 + 90) * 97,12028
(41 + 73) * 38,4332
(15 + 98) * 74,8362
(44 + 44) * 46,4048
(38 + 10) * 51,2448
(21 + 33) * 26,1404
(24 + 26) * 61,3050
(10 + 77) * 10,870
(22 + 48) * 99,6930
(25 + 7) * 60,1920
(45 + 21) * 59,3894
(90 + 78) * 26,4368
(7 + 66) * 72,5256
(74 + 67) * 94,13254
(8 + 23) * 29,899
(50 + 43) * 56,5208
(93 + 33) * 31,3906
(90 + 61) * 7,1057
(39 + 91) * 91,11830
(26 + 85) * 39,4329
(16 + 42) * 34,1972
(90 + 62) * 58,8816
(8 + 30) * 18,684
(99 + 31) * 24,3120
(73 + 1) * 43,3182
(11 + 77) * 13,1144
(7 + 17) * 68,1632
(82 + 30) * 42,4704
(53 + 12) * 18,1170
(80 + 79) * 56,8904
(80 + 34) * 11,1254
(64 + 1) * 65,4225
(36 + 94) * 9,1170
(2 + 60) * 67,4154
(20 + 73) * 8,744
(25 + 54) * 24,1896
(79 + 90) * 64,10816
(12 + 70) * 80,6560
(63 + 60) * 83,10209
(25 + 78) * 63,6489
(15 + 11) * 18,468
(13 + 25) * 72,2736
(6 + 54) * 3,180
(27 + 84) * 29,3219
(73 + 46) * 8,952
(16 + 72) * 89,7832
(34 + 71) * 36,3780
(93 + 78) * 44,7524
(27 + 7) * 89,3026
(40 + 6) * 39,1794
(10 + 40) * 76,3800
(74 + 27) * 70,7070
(44 + 33) * 59,4543
(95 + 76) * 4,684
(29 + 64) * 34,3162
(67 + 97) * 16,2624
(2 + 31) * 71,2343
(58 + 38) * 67,6432
(70 + 16) * 75,6450
(10 + 34) * 4,176
(51 + 56) * 30,3210
(4 + 78) * 18,1476
(17 + 28) * 92,4140
(45 + 22) * 36,2412
(29 + 21) * 67,3350
(1 + 75) * 54,4104
(17 + 96) * 99,11187
(67 + 85) * 73,11096
(96 + 46) * 40,5680
(36 + 83) * 37,4403
(12 + 91) * 68,7004
(90 + 63) * 59,9027
(51 + 94) * 51,7395
(87 + 38) * 21,2625
(62 + 29) * 83,7553
(26 + 68) * 2,188
(14 + 95) * 24,2616
(7 + 15) * 54,1188
(21 + 1) * 63,1386
(35 + 76) * 27,2997
(96 + 81) * 11,1947
(72 + 23) * 4,380
(93 + 75) * 60,10080
(40 + 29) * 84,5796
(30 + 64) * 12,1128
(91 + 2) * 89,8277
(72 + 59) * 81,10611
(94 + 18) * 79,8848
(72 + 80) * 29,4408
(75 + 33) * 10,1080
(55 + 44) * 37,3663
(74 + 19) * 27,2511
(83 + 99) * 61,11102
(35 + 74) * 84,9156
(91 + 48) * 63,8757
(42 + 1) * 5,215
(71 + 90) * 45,7245
(33 + 3) * 48,1728
(71 + 6) * 62,4774
(29 + 54) * 1,83
(99 + 13) * 24,2688
(56 + 18) * 2,148
(8 + 13) * 32,672
(97 + 56) * 70,10710
(3 + 35) * 49,1862
(11 + 49) * 80,4800
(30 + 83) * 49,5537
(46 + 36) * 90,7380
(88 + 33) * 95,11495
(88 + 49) * 65,8905
(41 + 39) * 46,3680
(36 + 12) * 70,3360
(37 + 14) * 64,3264
(32 + 57) * 12,1068
(45 + 73) * 65,7670
(44 + 58) * 49,4998
(42 + 46) * 30,2640
(37 + 97) * 67,8978
(11 + 43) * 73,3942
(99 + 93) * 13,2496
(79 + 46) * 44,5500
(23 + 41) * 50,3200
(30 + 66) * 65,6240
(11 + 42) * 56,2968
(28 + 68) * 33,3168
(69 + 39) * 70,7560
(29 + 66) * 47,4465
(26 + 29) * 8,440
(10 + 9) * 34,646
(87 + 36) * 18,2214
(48 + 13) * 97,5917
(62 + 88) * 79,11850
(82 + 28) * 1,110
(83 + 3) * 29,2494
(60 + 81) * 69,9729
(92 + 9) * 49,4949
(43 + 15) * 68,3944
(25 + 37) * 12,744
(55 + 10) * 71,4615
(35 + 87) * 97,11834
(8 + 72) * 56,4480
(86 + 59) * 17,2465
(53 + 45) * 51,4998
(42 + 50) * 50,4600
(46 + 67) * 83,9379
(14 + 66) * 36,2880
(15 + 67) * 8,656
(62 + 87) * 60,8940
(80 + 59) * 36,5004
(18 + 47) * 69,4485
(59 + 89) * 9,1332
(18 + 89) * 22,2354
(45 + 46) * 54,4914
(77 + 32) * 7,763
(99 + 22) * 85,10285
(88 + 64) * 30,4560
(72 + 52) * 80,9920
(33 + 21) * 63,3402
(69 + 70) * 35,4865
(6 + 4) * 80,800
(30 + 74) * 76,7904
(14 + 3) * 96,1632
(69 + 38) * 40,4280
(42 + 54) * 83,7968
(94 + 64) * 92,14536
(88 + 38) * 40,5040
(20 + 5) * 76,1900
(1 + 63) * 80,5120
(96 + 78) * 4,696
(84 + 55) * 58,8062
(59 + 11) * 86,6020
(84 + 92) * 1,176
(38 + 47) * 78,6630
(33 + 49) * 73,5986
(14 + 3) * 35,595
(17 + 24) * 7,287
(51 + 7) * 82,4756
(20 + 23) * 37,1591
(17 + 63) * 42,3360
(2 + 71) * 21,1533
(65 + 64) * 18,2322
(76 + 51) * 64,8128
(84 + 81) * 2,330
(63 + 70) * 48,6384
(51 + 32) * 17,1411
(81 + 30) * 55,6105
(3 + 89) * 29,2668
(19 + 62) * 11,891
(70 + 86) * 91,14196
(68 + 9) * 89,6853
(12 + 75) * 7,609
(73 + 29) * 34,3468
(54 + 13) * 90,6030
(59 + 10) * 9,621
(59 + 22) * 4,324
(92 + 8) * 22,2200
(90 + 32) * 58,7076
(13 + 13) * 94,2444
(66 + 79) * 25,3625
(50 + 73) * 99,12177
(96 + 58) * 12,1848
(53 + 51) * 15,1560
(92 + 20) * 87,9744
(54 + 79) * 70,9310
(19 + 12) * 34,1054
(20 + 91) * 51,5661
(41 + 79) * 18,2160
(33 + 78) * 67,7437
(46 + 79) * 85,10625
(81 + 56) * 49,6713
(11 + 65) * 33,2508
(10 + 49) * 91,5369
(76 + 85) * 41,6601
(60 + 80) * 32,4480
(99 + 70) * 95,16055
(74 + 76) * 42,6300
(76 + 38) * 50,5700
(19 + 39) * 59,3422
(12 + 47) * 98,5782
(84 + 56) * 33,4620
(64 + 82) * 68,9928
(85 + 29) * 21,2394
(42 + 40) * 21,1722
(29 + 9) * 17,646
(83 + 7) * 28,2520
(68 + 35) * 93,9579
(49 + 18) * 9,603
(21 + 44) * 55,3575
(14 + 11) * 93,2325
(93 + 67) * 8,1280
(48 + 37) * 80,6800
(55 + 38) * 32,2976
(94 + 52) * 54,7884
(82 + 37) * 78,9282
(86 + 25) * 40,4440
(46 + 75) * 5,605
(68 + 54) * 17,2074
(78 + 18) * 2,192
(18 + 91) * 6,654
(40 + 34) * 67,4958
(46 + 27) * 34,2482
(11 + 4) * 68,1020
(70 + 86) * 93,14508
(59 + 72) * 29,3799
(29 + 80) * 40,4360
(66 + 24) * 2,180
(67 + 10) * 87,6699
(95 + 1) * 21,2016
(62 + 81) * 75,10725
(63 + 53) * 50,5800
(7 + 45) * 73,3796
(10 + 3) * 76,988
(94 + 97) * 50,9550
(77 + 98) * 19,3325
(68 + 3) * 43,3053
(96 + 48) * 7,1008
(11 + 94) * 11,1155
(92 + 33) * 96,12000
(44 + 71) * 5,575
(58 + 69) * 75,9525
(82 + 24) * 15,1590
(66 + 68) * 38,5092
(89 + 71) * 35,5600
(43 + 24) * 14,938
(67 + 45) * 46,5152
(38 + 69) * 60,6420
(23 + 92) * 6,690
(27 + 57) * 14,1176
(83 + 26) * 79,8611
(54 + 67) * 75,9075
(37 + 68) * 63,6615
(49 + 79) * 99,12672
(96 + 74) * 87,14790
(2 + 58) * 27,1620
(80 + 66) * 28,4088
(65 + 77) * 55,7810
(54 + 15) * 18,1242
(94 + 59) * 18,2754
(68 + 4) * 75,5400
(99 + 58) * 98,15386
(6 + 34) * 62,2480
(65 + 68) * 58,7714
(18 + 72) * 36,3240
(15 + 92) * 8,856
(61 + 11) * 14,1008
(28 + 66) * 96,9024
(59 + 42) * 91,9191
(29 + 16) * 68,3060
(60 + 96) * 91,14196
(77 + 7) * 36,3024
(72 + 56) * 7,896
(58 + 38) * 67,6432
(68 + 67) * 45,6075
(44 + 63) * 11,1177
(94 + 16) * 53,5830
(52 + 26) * 77,6006
(60 + 34) * 39,3666
(26 + 93) * 94,11186
(53 + 73) * 61,7686
(82 + 42) * 3,372
(22 + 13) * 57,1995
(89 + 50) * 13,1807
(34 + 61) * 48,4560
(50 + 13) * 14,882
(20 + 47) * 49,3283
(5 + 69) * 5,370
(39 + 20) * 46,2714
(67 + 53) * 25,3000
(40 + 20) * 97,5820
(50 + 5) * 32,1760
(84 + 61) * 8,1160
(13 + 86) * 46,4554
(98 + 13) * 32,3552
(73 + 39) * 39,4368
(87 + 15) * 60,6120
(3 + 39) * 3,126
(23 + 18) * 21,861
(16 + 4) * 19,380
(44 + 52) * 11,1056
(68 + 61) * 29,3741
(60 + 66) * 9,1134
(88 + 95) * 50,9150
(14 + 70) * 23,1932
(98 + 71) * 20,3380
(14 + 81) * 75,7125
(8 + 89) * 53,5141
(26 + 89) * 50,5750
(32 + 40) * 63,4536
(71 + 12) * 76,6308
(36 + 17) * 10,530
(3 + 46) * 41,2009
(44 + 46) * 13,1170
(77 + 43) * 96,11520
(61 + 91) * 83,12616
(54 + 65) * 53,6307
(3 + 75) * 38,2964
(40 + 21) * 46,2806
(20 + 69) * 72,6408
(35 + 69) * 71,7384
(86 + 38) * 96,11904
(82 + 61) * 36,5148
(40 + 69) * 43,4687
(62 + 67) * 47,6063
(80 + 64) * 35,5040
(80 + 67) * 63,9261
(66 + 26) * 10,920
(80 + 80) * 20,3200
(54 + 77) * 44,5764
(53 + 57) * 60,6600
(83 + 79) * 11,1782
(67 + 75) * 46,6532
(87 + 97) * 59,10856
(41 + 65) * 18,1908
(83 + 13) * 60,5760
(45 + 20) * 5,325
(71 + 22) * 89,8277
(30 + 17) * 89,4183
(87 + 24) * 85,9435
(85 + 44) * 1,129
(25 + 22) * 6,282
(34 + 52) * 74,6364
(22 + 6) * 83,2324
(8 + 95) * 31,3193
(71 + 31) * 24,2448
(16 + 11) * 32,864
(61 + 26) * 21,1827
(21 + 74) * 6,570
(35 + 70) * 57,5985
(68 + 30) * 61,5978
(49 + 67) * 93,10788
(76 + 11) * 76,6612
(29 + 54) * 40,3320
(1 + 31) * 24,768
(8 + 58) * 35,2310
(45 + 45) * 73,6570
(68 + 55) * 53,6519
(71 + 31) * 17,1734
(3 + 96) * 71,7029
(81 + 49) * 96,12480
(6 + 59) * 23,1495
(73 + 69) * 32,4544
(45 + 29) * 85,6290
(59 + 84) * 74,10582
(7 + 84) * 5,455
(43 + 19) * 23,1426
(33 + 88) * 48,5808
(42 + 79) * 30,3630
(45 + 99) * 51,7344
(67 + 55) * 20,2440
(76 + 96) * 56,9632
(87 + 2) * 52,4628
(80 + 19) * 68,6732
(22 + 75) * 47,4559
(34 + 92) * 11,1386
(19 + 18) * 72,2664
(91 + 79) * 29,4930
(39 + 94) * 59,7847
(63 + 81) * 58,8352
(94 + 34) * 81,10368
(53 + 17) * 49,3430
(91 + 67) * 2,316
(62 + 15) * 40,3080
(24 + 1) * 5,125
(48 + 65) * 61,6893
(29 + 25) * 98,5292
(3 + 10) * 56,728
(51 + 58) * 4,436
(66 + 98) * 14,2296
(84 + 29) * 94,10622
(96 + 97) * 25,4825
(73 + 39) * 49,5488
(38 + 44) * 31,2542
(96 + 89) * 94,17390
(52 + 16) * 76,5168
(94 + 83) * 77,13629
(40 + 94) * 24,3216
(99 + 53) * 39,5928
(85 + 36) * 50,6050
(16 + 46) * 89,5518
(51 + 35) * 47,4042
(51 + 24) * 73,5475
(95 + 3) * 91,8918
(14 + 18) * 19,608
(27 + 29) * 54,3024
(85 + 64) * 64,9536
(59 + 18) * 99,7623
(97 + 41) * 97,13386
(87 + 91) * 87,15486
(94 + 75) * 45,7605
(74 + 51) * 69,8625
(19 + 69) * 35,3080
(17 + 52) * 82,5658
(60 + 34) * 57,5358
(51 + 5) * 38,2128
(93 + 75) * 11,1848
(5 + 5) * 61,610
(6 + 3) * 1,9
(18 + 72) * 83,7470
(33 + 38) * 20,1420
(19 + 18) * 12,444
(7 + 60) * 83,5561
(2 + 30) * 67,2144
(93 + 1) * 63,5922
(79 + 32) * 10,1110
(18 + 83) * 15,1515
(34 + 1) * 95,3325
(14 + 47) * 81,4941
(17 + 9) * 77,2002
(97 + 64) * 33,5313
(25 + 62) * 51,4437
(30 + 40) * 3,210
(2 + 73) * 22,1650
(99 + 49) * 30,4440
(90 + 11) * 11,1111
(88 + 53) * 5,705
(77 + 6) * 30,2490
(82 + 85) * 98,16366
(43 + 40) * 24,1992
(80 + 97) * 6,1062
(3 + 42) * 48,2160
(60 + 83) * 66,9438
(53 + 31) * 82,6888
(5 + 78) * 26,2158
(53 + 44) * 82,7954
(81 + 25) * 83,8798
(11 + 55) * 55,3630
(90 + 80) * 61,10370
(53 + 88) * 18,2538
(13 + 68) * 39,3159
(29 + 27) * 38,2128
(39 + 19) * 83,4814
(79 + 36) * 63,7245
(92 + 49) * 49,6909
(55 + 10) * 74,4810
(63 + 39) * 88,8976
(13 + 45) * 48,2784
(51 + 54) * 77,8085
(76 + 4) * 24,1920
(75 + 4) * 89,7031
(68 + 21) * 21,1869
(83 + 85) * 16,2688
(14 + 7) * 77,1617
(81 + 8) * 41,3649
(65 + 94) * 34,5406
(68 + 22) * 1,90
(19 + 15) * 93,3162
(65 + 47) * 28,3136
(55 + 57) * 13,1456
(94 + 42) * 50,6800
(24 + 51) * 14,1050
(18 + 40) * 97,5626
(36 + 28) * 99,6336
(22 + 1) * 11,253
(78 + 70) * 30,4440
(69 + 85) * 57,8778
(84 + 19) * 9,927
(12 + 72) * 15,1260
(85 + 52) * 65,8905
(59 + 48) * 76,8132
(99 + 34) * 36,4788
(91 + 59) * 84,12600
(44 + 17) * 51,3111
(51 + 22) * 4,292
(82 + 7) * 44,3916
(58 + 25) * 46,3818
(14 + 78) * 4,368
(57 + 23) * 77,6160
(67 + 80) * 71,10437
(49 + 46) * 40,3800
(51 + 5) * 44,2464
(41 + 22) * 99,6237
(63 + 39) * 43,4386
(48 + 98) * 31,4526
(15 + 79) * 46,4324
(88 + 97) * 8,1480
(36 + 13) * 60,2940
(51 + 24) * 73,5475
(62 + 85) * 54,7938
(12 + 55) * 18,1206
(25 + 41) * 29,1914
(9 + 15) * 77,1848
(8 + 55) * 50,3150
(10 + 97) * 25,2675
(7 + 64) * 91,6461
(30 + 34) * 40,2560
(61 + 30) * 14,1274
(90 + 96) * 92,17112
(98 + 46) * 10,1440
(1 + 3) * 28,112
(95 + 32) * 11,1397
(93 + 79) * 35,6020
(30 + 59) * 53,4717
(6 + 4) * 26,260
(92 + 85) * 3,531
(34 + 7) * 76,3116
(55 + 37) * 7,644
(76 + 85) * 89,14329
(24 + 97) * 69,8349
(61 + 76) * 4,548
(47 + 63) * 4,440
(18 + 88) * 7,742
(80 + 98) * 31,5518
(7 + 79) * 99,8514
(47 + 71) * 96,11328
(25 + 69) * 69,6486
(39 + 72) * 53,5883
(82 + 61) * 87,12441
(55 + 45) * 63,6300
(29 + 73) * 95,9690
(11 + 62) * 12,876
(92 + 10) * 85,8670
(48 + 87) * 64,8640
(27 + 5) * 98,3136
(40 + 34) * 65,4810
(24 + 38) * 51,3162
(1 + 13) * 89,1246
(79 + 38) * 42,4914
(33 + 34) * 11,737
(74 + 17) * 70,6370
(48 + 51) * 88,8712
(20 + 82) * 51,5202
(28 + 97) * 97,12125
(60 + 46) * 38,4028
(33 + 92) * 72,9000
(61 + 84) * 98,14210
(47 + 98) * 39,5655
(21 + 88) * 50,5450
(42 + 92) * 11,1474
(80 + 26) * 43,4558
(54 + 54) * 99,10692
(27 + 14) * 11,451
(83 + 91) * 75,13050
(57 + 96) * 62,9486
(71 + 9) * 10,800
(59 + 49) * 11,1188
(79 + 54) * 13,1729
(8 + 67) * 91,6825
(9 + 69) * 22,1716
(12 + 2) * 96,1344
(18 + 12) * 14,420
(56 + 90) * 15,2190
(3 + 47) * 29,1450
(82 + 95) * 67,11859
(52 + 13) * 15,975
(83 + 40) * 69,8487
(27 + 85) * 87,9744
(30 + 79) * 94,10246
(67 + 33) * 72,7200
(77 + 25) * 39,3978
(12 + 59) * 2,142
(95 + 56) * 10,1510
(70 + 2) * 93,6696
(82 + 76) * 95,15010
(19 + 72) * 24,2184
(42 + 67) * 19,2071
(86 + 4) * 72,6480
(69 + 68) * 76,10412
(89 + 57) * 4,584
(99 + 26) * 5,625
(14 + 86) * 12,1200
(85 + 48) * 93,12369
(38 + 87) * 50,6250
(49 + 52) * 4,404
(20 + 19) * 11,429
(43 + 31) * 93,6882
(30 + 32) * 38,2356
(1 + 61) * 97,6014
(12 + 39) * 6,306
(93 + 89) * 48,8736
(61 + 22) * 40,3320
(37 + 77) * 39,4446
(76 + 36) * 8,896
(39 + 22) * 23,1403
(35 + 44) * 58,4582
(31 + 38) * 36,2484
(78 + 17) * (75 - 58),1615
(18 + 22) * (57 - 10),1880
(15 + 84) * (99 - 46),5247
(46 + 92) * (65 - 9),7728
(94 + 61) * (80 - 13),10385
(5 + 46) * (91 - 42),2499
(78 + 65) * (93 - 1),13156
(59 + 85) * (30 - 12),2592
(21 + 7) * (16 - 2),392
(5 + 28) * (98 - 71),891
(37 + 50) * (18 - 16),174
(85 + 28) * (58 - 47),1243
(10 + 14) * (45 - 42),72
(75 + 23) * (44 - 24),1960
(56 + 55) * (59 - 23),3996
(71 + 66) * (91 - 72),2603
(69 + 12) * (91 - 33),4698
(32 + 48) * (89 - 57),2560
(85 + 27) * (44 - 13),3472
(45 + 36) * (49 - 13),2916
(80 + 85) * (77 - 25),8580
(2 + 77) * (53 - 51),158
(10 + 75) * (45 - 37),680
(16 + 60) * (56 - 14),3192
(23 + 51) * (34 - 22),888
(66 + 7) * (60 - 38),1606
(38 + 91) * (99 - 74),3225
(32 + 81) * (26 - 3),2599
(79 + 60) * (90 - 43),6533
(50 + 44) * (98 - 32),6204
(80 + 8) * (97 - 95),176
(16 + 82) * (43 - 43),0
(54 + 79) * (65 - 36),3857
(87 + 22) * (63 - 39),2616
(47 + 42) * (92 - 31),5429
(49 + 68) * (76 - 13),7371
(35 + 94) * (50 - 23),3483
(46 + 76) * (93 - 80),1586
(37 + 96) * (96 - 81),1995
(58 + 11) * (98 - 40),4002
(71 + 15) * (22 - 14),688
(75 + 8) * (91 - 2),7387
(83 + 26) * (71 - 11),6540
(59 + 15) * (69 - 2),4958
(39 + 76) * (70 - 15),6325
(83 + 16) * (82 - 72),990
(26 + 12) * (48 - 4),1672
(92 + 69) * (61 - 7),8694
(98 + 14) * (91 - 26),7280
(85 + 30) * (81 - 14),7705
(76 + 39) * (84 - 9),8625
(69 + 3) * (63 - 42),1512
(42 + 68) * (29 - 5),2640
(81 + 88) * (88 - 12),12844
(87 + 13) * (70 - 36),3400
(87 + 79) * (15 - 6),1494
(6 + 25) * (83 - 22),1891
(11 + 14) * (45 - 19),650
(45 + 7) * (83 - 70),676
(91 + 31) * (82 - 59),2806
(9 + 12) * (92 - 5),1827
(99 + 69) * (33 - 26),1176
(80 + 48) * (84 - 17),8576
(13 + 44) * (76 - 51),1425
(11 + 29) * (34 - 8),1040
(18 + 59) * (42 - 6),2772
(36 + 50) * (95 - 25),6020
(98 + 52) * (76 - 68),1200
(65 + 66) * (86 - 23),8253
(53 + 90) * (56 - 7),7007
(31 + 61) * (81 - 54),2484
(8 + 90) * (65 - 64),98
(1 + 3) * (87 - 25),248
(74 + 7) * (21 - 8),1053
(66 + 28) * (88 - 30),5452
(98 + 33) * (58 - 9),6419
(34 + 1) * (81 - 26),1925
(75 + 87) * (79 - 49),4860
(48 + 54) * (31 - 29),204
(78 + 49) * (91 - 40),6477
(2 + 63) * (48 - 40),520
(44 + 98) * (67 - 25),5964
(77 + 31) * (55 - 42),1404
(75 + 36) * (74 - 70),444
(53 + 11) * (82 - 60),1408
(74 + 33) * (82 - 17),6955
(1 + 9) * (31 - 6),250
(17 + 7) * (70 - 16),1296
(22 + 38) * (79 - 60),1140
(71 + 2) * (40 - 12),2044
(41 + 76) * (46 - 35),1287
(68 + 55) * (90 - 37),6519
(70 + 88) * (72 - 60),1896
(30 + 58) * (98 - 94),352
(6 + 8) * (77 - 7),980
(11 + 10) * (90 - 36),1134
(66 + 46) * (52 - 15),4144
(23 + 75) * (87 - 21),6468
(47 + 57) * (63 - 11),5408
(90 + 34) * (22 - 21),124
(19 + 31) * (82 - 82),0
(79 + 42) * (63 - 55),968
(60 + 35) * (67 - 9),5510
(98 + 94) * (94 - 18),14592
(66 + 27) * (66 - 28),3534
(50 + 93) * (93 - 4),12727
(82 + 45) * (31 - 18),1651
(85 + 33) * (73 - 51),2596
(82 + 45) * (76 - 7),8763
(25 + 69) * (54 - 18),3384
(18 + 53) * (88 - 14),5254
(34 + 57) * (49 - 41),728
(86 + 55) * (43 - 29),1974
(91 + 84) * (38 - 7),5425
(9 + 13) * (53 - 28),550
(61 + 43) * (84 - 3),8424
(23 + 93) * (23 - 16),812
(47 + 89) * (84 - 17),9112
(23 + 87) * (99 - 42),6270
(81 + 72) * (91 - 50),6273
(92 + 9) * (89 - 14),7575
(65 + 15) * (90 - 71),1520
(96 + 26) * (87 - 80),854
(86 + 56) * (81 - 76),710
(2 + 63) * (42 - 4),2470
(15 + 2) * (72 - 56),272
(15 + 43) * (67 - 43),1392
(86 + 38) * (75 - 50),3100
(29 + 73) * (90 - 17),7446
(83 + 50) * (79 - 67),1596
(19 + 13) * (89 - 74),480
(97 + 29) * (43 - 14),3654
(82 + 68) * (86 - 24),9300
(72 + 76) * (94 - 63),4588
(67 + 3) * (99 - 79),1400
(66 + 89) * (71 - 38),5115
(59 + 51) * (59 - 12),5170
(32 + 44) * (37 - 6),2356
(60 + 33) * (96 - 53),3999
(35 + 41) * (65 - 54),836
(37 + 37) * (47 - 27),1480
(12 + 55) * (59 - 52),469
(70 + 60) * (86 - 27),7670
(23 + 69) * (51 - 1),4600
(44 + 89) * (75 - 6),9177
(43 + 79) * (84 - 3),9882
(42 + 87) * (38 - 11),3483
(18 + 74) * (69 - 20),4508
(24 + 17) * (60 - 8),2132
(21 + 23) * (67 - 27),1760
(68 + 78) * (97 - 87),1460
(88 + 98) * (51 - 21),5580
(64 + 67) * (85 - 3),10742
(56 + 66) * (84 - 18),8052
(52 + 22) * (50 - 20),2220
(93 + 20) * (90 - 55),3955
(15 + 67) * (72 - 35),3034
(39 + 85) * (38 - 33),620
(98 + 12) * (73 - 35),4180
(41 + 36) * (97 - 41),4312
(62 + 11) * (91 - 51),2920
(93 + 99) * (97 - 52),8640
(87 + 10) * (54 - 30),2328
(29 + 98) * (21 - 2),2413
(64 + 29) * (31 - 8),2139
(98 + 34) * (95 - 31),8448
(53 + 1) * (78 - 19),3186
(94 + 71) * (85 - 27),9570
(44 + 74) * (83 - 58),2950
(86 + 6) * (72 - 63),828
(24 + 25) * (50 - 29),1029
(14 + 92) * (95 - 57),4028
(18 + 41) * (62 - 28),2006
(99 + 27) * (22 - 13),1134
(75 + 58) * (97 - 20),10241
(4 + 74) * (58 - 51),546
(15 + 28) * (62 - 15),2021
(15 + 53) * (57 - 53),272
(7 + 25) * (30 - 25),160
(48 + 18) * (21 - 12),594
(99 + 70) * (96 - 12),14196
(10 + 36) * (83 - 54),1334
(7 + 85) * (68 - 6),5704
(67 + 6) * (53 - 30),1679
(28 + 6) * (75 - 16),2006
(97 + 39) * (81 - 61),2720
(31 + 38) * (94 - 41),3657
(50 + 61) * (91 - 90),111
(29 + 69) * (72 - 6),6468
(80 + 92) * (32 - 20),2064
(57 + 30) * (18 - 10),696
(61 + 93) * (99 - 88),1694
(5 + 29) * (69 - 13),1904
(68 + 73) * (50 - 32),2538
(3 + 92) * (30 - 5),2375
(87 + 61) * (33 - 7),3848
(31 + 58) * (69 - 27),3738
(56 + 61) * (39 - 26),1521
(95 + 30) * (97 - 20),9625
(83 + 44) * (39 - 30),1143
(29 + 77) * (52 - 40),1272
(68 + 89) * (95 - 23),11304
(7 + 96) * (51 - 16),3605
(15 + 57) * (56 - 34),1584
(81 + 32) * (70 - 5),7345
(29 + 22) * (88 - 42),2346
(96 + 40) * (59 - 5),7344
(13 + 66) * (59 - 32),2133
(90 + 93) * (93 - 42),9333
(44 + 84) * (25 - 5),2560
(78 + 58) * (28 - 9),2584
(98 + 32) * (50 - 41),1170
(86 + 27) * (90 - 87),339
(3 + 77) * (58 - 8),4000
(35 + 38) * (70 - 66),292
(81 + 67) * (86 - 35),7548
(77 + 90) * (88 - 46),7014
(54 + 76) * (94 - 30),8320
(32 + 35) * (92 - 80),804
(54 + 11) * (38 - 7),2015
(35 + 82) * (45 - 25),2340
(6 + 77) * (62 - 57),415
(83 + 90) * (37 - 12),4325
(7 + 57) * (44 - 7),2368
(40 + 28) * (90 - 36),3672
(98 + 11) * (62 - 4),6322
(93 + 70) * (94 - 41),8639
(37 + 49) * (73 - 57),1376
(30 + 24) * (99 - 96),162
(81 + 34) * (74 - 14),6900
(64 + 44) * (28 - 14),1512
(33 + 45) * (43 - 6),2886
(68 + 22) * (65 - 11),4860
(48 + 4) * (98 - 17),4212
(75 + 45) * (74 - 44),3600
(14 + 69) * (31 - 27),332
(27 + 85) * (73 - 1),8064
(34 + 83) * (97 - 87),1170
(33 + 69) * (28 - 11),1734
(69 + 31) * (67 - 4),6300
(18 + 15) * (62 - 47),495
(37 + 75) * (36 - 7),3248
(55 + 8) * (57 - 16),2583
(25 + 94) * (28 - 8),2380
(63 + 82) * (42 - 41),145
(79 + 54) * (62 - 6),7448
(61 + 9) * (74 - 64),700
(36 + 21) * (82 - 81),57
(1 + 56) * (87 - 49),2166
(80 + 59) * (81 - 42),5421
(67 + 39) * (87 - 24),6678
(81 + 56) * (34 - 21),1781
(74 + 54) * (91 - 32),7552
(18 + 90) * (97 - 20),8316
(36 + 8) * (51 - 21),1320
(76 + 92) * (28 - 23),840
(64 + 62) * (86 - 29),7182
(31 + 30) * (95 - 76),1159
(26 + 87) * (29 - 1),3164
(26 + 53) * (68 - 53),1185
(43 + 46) * (75 - 43),2848
(73 + 51) * (94 - 37),7068
(18 + 40) * (48 - 44),232
(79 + 70) * (60 - 14),6854
(16 + 42) * (9 - 1),464
(71 + 26) * (5 - 5),0
(61 + 37) * (92 - 74),1764
(41 + 67) * (71 - 66),540
(79 + 56) * (65 - 40),3375
(60 + 28) * (95 - 5),7920
(11 + 27) * (75 - 27),1824
(22 + 96) * (73 - 1),8496
(72 + 8) * (19 - 1),1440
(38 + 55) * (44 - 34),930
(27 + 17) * (90 - 12),3432
(70 + 74) * (70 - 25),6480
(58 + 87) * (29 - 21),1160
(93 + 24) * (63 - 19),5148
(93 + 5) * (78 - 23),5390
(48 + 3) * (15 - 14),51
(52 + 57) * (44 - 7),4033
(88 + 20) * (75 - 31),4752
(20 + 87) * (84 - 41),4601
(27 + 96) * (56 - 23),4059
(3 + 89) * (70 - 27),3956
(6 + 40) * (45 - 45),0
(59 + 65) * (38 - 2),4464
(77 + 16) * (74 - 14),5580
(5 + 98) * (99 - 72),2781
(96 + 17) * (85 - 23),7006
(92 + 29) * (94 - 3),11011
(68 + 45) * (65 - 63),226
(6 + 93) * (12 - 7),495
(96 + 95) * (87 - 75),2292
(88 + 73) * (95 - 59),5796
(7 + 25) * (75 - 50),800
(52 + 73) * (91 - 15),9500
(18 + 25) * (48 - 23),1075
(34 + 60) * (96 - 89),658
(8 + 55) * (59 - 26),2079
(31 + 97) * (22 - 11),1408
(9 + 98) * (80 - 48),3424
(98 + 44) * (60 - 19),5822
(18 + 93) * (95 - 23),7992
(71 + 79) * (98 - 37),9150
(3 + 12) * (93 - 47),690
(97 + 72) * (44 - 25),3211
(33 + 1) * (53 - 23),1020
(42 + 87) * (68 - 24),5676
(70 + 1) * (44 - 40),284
(1 + 3) * (99 - 25),296
(88 + 41) * (98 - 88),1290
(93 + 88) * (53 - 7),8326
(63 + 99) * (73 - 54),3078
(58 + 55) * (76 - 19),6441
(5 + 94) * (97 - 40),5643
(5 + 14) * (7 - 3),76
(74 + 75) * (29 - 18),1639
(85 + 2) * (89 - 60),2523
(53 + 61) * (68 - 6),7068
(90 + 98) * (64 - 14),9400
(9 + 82) * (79 - 75),364
(61 + 3) * (78 - 62),1024
(79 + 94) * (40 - 27),2249
(59 + 86) * (85 - 71),2030
(64 + 22) * (49 - 15),2924
(87 + 41) * (26 - 13),1664
(71 + 78) * (53 - 52),149
(14 + 39) * (80 - 32),2544
(7 + 80) * (39 - 5),2958
(70 + 93) * (84 - 8),12388
(72 + 45) * (48 - 42),702
(26 + 63) * (51 - 22),2581
(54 + 2) * (19 - 9),560
(35 + 14) * (95 - 62),1617
(3 + 48) * (75 - 64),561
(53 + 20) * (87 - 70),1241
(31 + 31) * (42 - 12),1860
(3 + 38) * (93 - 84),369
(12 + 44) * (69 - 1),3808
(21 + 74) * (69 - 68),95
(31 + 60) * (92 - 78),1274
(20 + 67) * (87 - 34),4611
(83 + 86) * (11 - 2),1521
(63 + 16) * (57 - 2),4345
(35 + 21) * (27 - 10),952
(68 + 13) * (51 - 4),3807
(19 + 95) * (75 - 9),7524
(3 + 25) * (59 - 50),252
(86 + 55) * (53 - 15),5358
(20 + 19) * (63 - 6),2223
(97 + 46) * (63 - 46),2431
(72 + 49) * (85 - 22),7623
(31 + 56) * (70 - 3),5829
(19 + 23) * (61 - 41),840
(26 + 96) * (54 - 22),3904
(92 + 59) * (36 - 16),3020
(77 + 94) * (44 - 26),3078
(43 + 53) * (59 - 48),1056
(69 + 59) * (77 - 4),9344
(11 + 86) * (94 - 9),8245
(59 + 48) * (57 - 47),1070
(10 + 22) * (94 - 43),1632
(3 + 57) * (72 - 72),0
(39 + 29) * (94 - 32),4216
(18 + 33) * (35 - 9),1326
(3 + 91) * (96 - 29),6298
(9 + 54) * (89 - 76),819
(53 + 89) * (88 - 79),1278
(54 + 40) * (84 - 68),1504
(20 + 42) * (90 - 60),1860
(61 + 59) * (83 - 39),5280
(12 + 26) * (75 - 72),114
(90 + 36) * (98 - 86),1512
(26 + 12) * (92 - 28),2432
(20 + 28) * (59 - 49),480
(2 + 80) * (63 - 10),4346
(45 + 28) * (46 - 16),2190
(55 + 77) * (96 - 4),12144
(76 + 66) * (85 - 42),6106
(24 + 21) * (56 - 18),1710
(41 + 76) * (64 - 64),0
(22 + 79) * (87 - 61),2626
(58 + 69) * (39 - 30),1143
(33 + 23) * (94 - 91),168
(62 + 27) * (49 - 40),801
(68 + 2) * (13 - 9),280
(94 + 48) * (25 - 10),2130
(77 + 61) * (57 - 24),4554
(18 + 86) * (29 - 11),1872
(3 + 78) * (81 - 41),3240
(69 + 15) * (50 - 33),1428
(72 + 22) * (56 - 11),4230
(80 + 73) * (43 - 32),1683
(29 + 83) * (91 - 87),448
(12 + 3) * (79 - 31),720
(42 + 11) * (78 - 60),954
(29 + 50) * (64 - 46),1422
(92 + 14) * (93 - 87),636
(74 + 99) * (51 - 19),5536
(34 + 30) * (29 - 19),640
(37 + 36) * (78 - 37),2993
(53 + 2) * (50 - 33),935
(74 + 27) * (77 - 44),3333
(22 + 86) * (57 - 57),0
(3 + 18) * (56 - 39),357
(57 + 84) * (29 - 3),3666
(48 + 28) * (69 - 33),2736
(60 + 90) * (43 - 27),2400
(1 + 7) * (52 - 17),280
(36 + 74) * (33 - 29),440
(92 + 9) * (59 - 58),101
(54 + 91) * (95 - 45),7250
(44 + 15) * (87 - 22),3835
(14 + 48) * (86 - 10),4712
(9 + 59) * (17 - 14),204
(37 + 26) * (34 - 28),378
(16 + 23) * (11 - 3),312
(25 + 1) * (23 - 15),208
(83 + 98) * (80 - 32),8688
(58 + 29) * (65 - 63),174
(30 + 84) * (73 - 2),8094
(51 + 62) * (50 - 2),5424
(47 + 49) * (55 - 33),2112
(55 + 45) * (46 - 4),4200
(60 + 92) * (84 - 30),8208
(39 + 33) * (82 - 9),5256
(68 + 35) * (34 - 11),2369
(3 + 62) * (78 - 75),195
(15 + 8) * (78 - 26),1196
(11 + 19) * (79 - 49),900
(76 + 48) * (83 - 24),7316
(90 + 45) * (26 - 19),945
(76 + 11) * (66 - 32),2958
(57 + 43) * (94 - 82),1200
(70 + 85) * (82 - 1),12555
(38 + 94) * (68 - 57),1452
(82 + 86) * (93 - 46),7896
(90 + 13) * (94 - 40),5562
(96 + 96) * (90 - 15),14400
(52 + 62) * (84 - 15),7866
(57 + 13) * (81 - 17),4480
(94 + 47) * (59 - 56),423
(71 + 15) * (92 - 43),4214
(54 + 72) * (21 - 15),756
(9 + 79) * (88 - 64),2112
(57 + 89) * (57 - 18),5694
(79 + 33) * (68 - 49),2128
(46 + 94) * (31 - 28),420
(98 + 18) * (77 - 5),8352
(46 + 82) * (64 - 20),5632
(52 + 23) * (92 - 30),4650
(51 + 1) * (70 - 5),3380
(23 + 89) * (79 - 55),2688
(67 + 73) * (76 - 7),9660
(49 + 71) * (42 - 37),600
(2 + 34) * (94 - 77),612
(17 + 42) * (74 - 39),2065
(37 + 53) * (75 - 63),1080
(70 + 39) * (84 - 17),7303
(95 + 1) * (87 - 48),3744
(33 + 29) * (69 - 39),1860
(16 + 37) * (49 - 13),1908
(11 + 13) * (53 - 8),1080
(61 + 50) * (85 - 40),4995
(77 + 19) * (52 - 50),192
(36 + 26) * (54 - 40),868
(5 + 70) * (99 - 16),6225
(4 + 37) * (33 - 25),328
(35 + 21) * (76 - 43),1848
(2 + 51) * (89 - 37),2756
(50 + 33) * (90 - 19),5893
(28 + 32) * (67 - 61),360
(16 + 5) * (95 - 4),1911
(28 + 71) * (19 - 19),0
(63 + 11) * (22 - 20),148
(35 + 79) * (44 - 25),2166
(78 + 6) * (47 - 11),3024
(42 + 97) * (25 - 22),417
(47 + 90) * (88 - 82),822
(73 + 28) * (87 - 29),5858
(52 + 59) * (90 - 28),6882
(77 + 41) * (87 - 69),2124
(57 + 54) * (64 - 26),4218
(40 + 34) * (46 - 13),2442
(55 + 67) * (90 - 40),6100
(60 + 17) * (59 - 53),462
(88 + 61) * (76 - 12),9536
(16 + 98) * (77 - 54),2622
(75 + 39) * (55 - 17),4332
(91 + 94) * (94 - 78),2960
(42 + 93) * (29 - 2),3645
(39 + 61) * (98 - 34),6400
(63 + 33) * (97 - 14),7968
(4 + 64) * (77 - 44),2244
(66 + 92) * (98 - 44),8532
(98 + 52) * (51 - 26),3750
(13 + 41) * (51 - 39),648
(65 + 8) * (93 - 71),1606
(59 + 39) * (45 - 13),3136
(53 + 50) * (54 - 46),824
(61 + 71) * (83 - 34),6468
(7 + 6) * (12 - 10),26
(75 + 98) * (59 - 33),4498
(1 + 39) * (18 - 2),640
(56 + 17) * (92 - 40),3796
(69 + 49) * (80 - 40),4720
(77 + 42) * (99 - 97),238
(85 + 79) * (50 - 46),656
(22 + 84) * (83 - 57),2756
(8 + 31) * (72 - 64),312
(11 + 35) * (95 - 52),1978
(24 + 66) * (83 - 75),720
(53 + 17) * (68 - 14),3780
(27 + 84) * (88 - 11),8547
(92 + 73) * (82 - 82),0
(94 + 50) * (98 - 41),8208
(7 + 29) * (61 - 7),1944
(81 + 19) * (99 - 67),3200
(71 + 48) * (27 - 17),1190
(9 + 83) * (77 - 28),4508
(58 + 68) * (21 - 16),630
(13 + 2) * (78 - 57),315
(7 + 5) * (73 - 34),468
(38 + 38) * (43 - 1),3192
(48 + 59) * (5 - 4),107
(73 + 80) * (99 - 29),10710
(34 + 56) * (87 - 5),7380
(68 + 84) * (83 - 53),4560
(46 + 55) * (86 - 68),1818
(36 + 34) * (92 - 30),4340
(51 + 92) * (65 - 17),6864
(57 + 31) * (81 - 54),2376
(16 + 52) * (65 - 41),1632
(6 + 27) * (62 - 25),1221
(25 + 49) * (86 - 67),1406
(48 + 92) * (80 - 46),4760
(33 + 86) * (12 - 4),952
(3 + 47) * (77 - 9),3400
(14 + 31) * (90 - 1),4005
(78 + 48) * (83 - 46),4662
(68 + 31) * (91 - 69),2178
